# build_container_image ...
FULL_IMAGE_NAME=umd_msml610/umd_msml610_image
DOCKER_BUILDKIT=1
DOCKER_BUILD_MULTI_ARCH=
Building for current architecture...
#0 building with "default" instance using docker driver

#1 [internal] load build definition from Dockerfile
#1 transferring dockerfile: 1.68kB done
#1 DONE 0.0s

#2 [internal] load metadata for docker.io/library/ubuntu:20.04
#2 DONE 0.1s

#3 [internal] load .dockerignore
#3 transferring context: 2B done
#3 DONE 0.0s

#4 [ 1/20] FROM docker.io/library/ubuntu:20.04@sha256:8feb4d8ca5354def3d8fce243717141ce31e2c428701f6682bd2fafe15388214
#4 DONE 0.0s

#5 [internal] load build context
#5 transferring context: 3.46kB done
#5 DONE 0.0s

#6 [ 7/20] RUN apt-get update && apt-get install -y --no-install-recommends     build-essential     python3-dev     libxml2-dev     libxslt-dev     zlib1g-dev     && rm -rf /var/lib/apt/lists/*
#6 CACHED

#7 [ 6/20] RUN python3 -m pip install --upgrade pip
#7 CACHED

#8 [ 8/20] RUN mkdir /install
#8 CACHED

#9 [ 9/20] ADD install_common_packages.sh /install/
#9 CACHED

#10 [ 2/20] RUN apt-get -y update
#10 CACHED

#11 [ 5/20] RUN apt install -y --no-install-recommends     python3     python3-pip     python3-dev
#11 CACHED

#12 [ 3/20] RUN apt-get -y upgrade
#12 CACHED

#13 [ 4/20] RUN apt install -y --no-install-recommends     sudo     curl     systemctl     gnupg     git     vim
#13 CACHED

#14 [10/20] RUN chmod +x /install/install_common_packages.sh && /install/install_common_packages.sh
#14 CACHED

#15 [11/20] ADD install_jupyter_extensions.sh /install
#15 DONE 0.9s

#16 [12/20] RUN chmod +x /install/install_jupyter_extensions.sh
#16 DONE 0.3s

#17 [13/20] RUN /install/install_jupyter_extensions.sh
#17 0.422 # Install Jupyter extensions
#17 0.422 + echo '# Install Jupyter extensions'
#17 0.422 ++ jupyter --data-dir
#17 0.560 Jupyter data dir: /root/.local/share/jupyter
#17 0.560 + DIR_NAME=/root/.local/share/jupyter
#17 0.560 + echo 'Jupyter data dir: /root/.local/share/jupyter'
#17 0.560 + [[ ! -d /root/.local/share/jupyter ]]
#17 0.560 + mkdir -p /root/.local/share/jupyter
#17 0.566 + sudo jupyter contrib nbextension install
#17 1.664 [I 23:36:35 InstallContribNbextensionsApp] jupyter contrib nbextension install 
#17 1.664 [I 23:36:35 InstallContribNbextensionsApp] Installing jupyter_contrib_nbextensions nbextension files to jupyter data directory
#17 1.705 [I 23:36:35 InstallContribNbextensionsApp] Installing /usr/local/lib/python3.8/dist-packages/jupyter_contrib_nbextensions/nbextensions/nbTranslate -> nbTranslate
#17 1.707 [I 23:36:35 InstallContribNbextensionsApp] Making directory: /usr/local/share/jupyter/nbextensions/nbTranslate/
#17 1.708 [I 23:36:35 InstallContribNbextensionsApp] Copying: /usr/local/lib/python3.8/dist-packages/jupyter_contrib_nbextensions/nbextensions/nbTranslate/demo2.gif -> /usr/local/share/jupyter/nbextensions/nbTranslate/demo2.gif
#17 1.716 [I 23:36:35 InstallContribNbextensionsApp] Copying: /usr/local/lib/python3.8/dist-packages/jupyter_contrib_nbextensions/nbextensions/nbTranslate/mutils.js -> /usr/local/share/jupyter/nbextensions/nbTranslate/mutils.js
#17 1.716 [I 23:36:35 InstallContribNbextensionsApp] Copying: /usr/local/lib/python3.8/dist-packages/jupyter_contrib_nbextensions/nbextensions/nbTranslate/nbTranslate.yaml -> /usr/local/share/jupyter/nbextensions/nbTranslate/nbTranslate.yaml
#17 1.716 [I 23:36:35 InstallContribNbextensionsApp] Copying: /usr/local/lib/python3.8/dist-packages/jupyter_contrib_nbextensions/nbextensions/nbTranslate/nbTranslate.js -> /usr/local/share/jupyter/nbextensions/nbTranslate/nbTranslate.js
#17 1.717 [I 23:36:35 InstallContribNbextensionsApp] Copying: /usr/local/lib/python3.8/dist-packages/jupyter_contrib_nbextensions/nbextensions/nbTranslate/main.js -> /usr/local/share/jupyter/nbextensions/nbTranslate/main.js
#17 1.718 [I 23:36:35 InstallContribNbextensionsApp] Copying: /usr/local/lib/python3.8/dist-packages/jupyter_contrib_nbextensions/nbextensions/nbTranslate/demo1.gif -> /usr/local/share/jupyter/nbextensions/nbTranslate/demo1.gif
#17 1.724 [I 23:36:35 InstallContribNbextensionsApp] Copying: /usr/local/lib/python3.8/dist-packages/jupyter_contrib_nbextensions/nbextensions/nbTranslate/README.md -> /usr/local/share/jupyter/nbextensions/nbTranslate/README.md
#17 1.724 [I 23:36:35 InstallContribNbextensionsApp] Copying: /usr/local/lib/python3.8/dist-packages/jupyter_contrib_nbextensions/nbextensions/nbTranslate/languages.js -> /usr/local/share/jupyter/nbextensions/nbTranslate/languages.js
#17 1.725 [I 23:36:35 InstallContribNbextensionsApp] - Validating: [32mOK[0m
#17 1.725 [I 23:36:35 InstallContribNbextensionsApp] Installing /usr/local/lib/python3.8/dist-packages/jupyter_contrib_nbextensions/nbextensions/equation-numbering -> equation-numbering
#17 1.725 [I 23:36:35 InstallContribNbextensionsApp] Making directory: /usr/local/share/jupyter/nbextensions/equation-numbering/
#17 1.726 [I 23:36:35 InstallContribNbextensionsApp] Copying: /usr/local/lib/python3.8/dist-packages/jupyter_contrib_nbextensions/nbextensions/equation-numbering/readme.md -> /usr/local/share/jupyter/nbextensions/equation-numbering/readme.md
#17 1.726 [I 23:36:35 InstallContribNbextensionsApp] Copying: /usr/local/lib/python3.8/dist-packages/jupyter_contrib_nbextensions/nbextensions/equation-numbering/icon.png -> /usr/local/share/jupyter/nbextensions/equation-numbering/icon.png
#17 1.727 [I 23:36:35 InstallContribNbextensionsApp] Copying: /usr/local/lib/python3.8/dist-packages/jupyter_contrib_nbextensions/nbextensions/equation-numbering/button.png -> /usr/local/share/jupyter/nbextensions/equation-numbering/button.png
#17 1.728 [I 23:36:35 InstallContribNbextensionsApp] Copying: /usr/local/lib/python3.8/dist-packages/jupyter_contrib_nbextensions/nbextensions/equation-numbering/main.js -> /usr/local/share/jupyter/nbextensions/equation-numbering/main.js
#17 1.728 [I 23:36:35 InstallContribNbextensionsApp] Copying: /usr/local/lib/python3.8/dist-packages/jupyter_contrib_nbextensions/nbextensions/equation-numbering/info.yaml -> /usr/local/share/jupyter/nbextensions/equation-numbering/info.yaml
#17 1.728 [I 23:36:35 InstallContribNbextensionsApp] - Validating: [32mOK[0m
#17 1.728 [I 23:36:35 InstallContribNbextensionsApp] Installing /usr/local/lib/python3.8/dist-packages/jupyter_contrib_nbextensions/nbextensions/load_tex_macros -> load_tex_macros
#17 1.728 [I 23:36:35 InstallContribNbextensionsApp] Making directory: /usr/local/share/jupyter/nbextensions/load_tex_macros/
#17 1.729 [I 23:36:35 InstallContribNbextensionsApp] Copying: /usr/local/lib/python3.8/dist-packages/jupyter_contrib_nbextensions/nbextensions/load_tex_macros/readme.md -> /usr/local/share/jupyter/nbextensions/load_tex_macros/readme.md
#17 1.729 [I 23:36:35 InstallContribNbextensionsApp] Copying: /usr/local/lib/python3.8/dist-packages/jupyter_contrib_nbextensions/nbextensions/load_tex_macros/icon.png -> /usr/local/share/jupyter/nbextensions/load_tex_macros/icon.png
#17 1.729 [I 23:36:35 InstallContribNbextensionsApp] Copying: /usr/local/lib/python3.8/dist-packages/jupyter_contrib_nbextensions/nbextensions/load_tex_macros/main.js -> /usr/local/share/jupyter/nbextensions/load_tex_macros/main.js
#17 1.730 [I 23:36:35 InstallContribNbextensionsApp] Copying: /usr/local/lib/python3.8/dist-packages/jupyter_contrib_nbextensions/nbextensions/load_tex_macros/load_tex_macros.yaml -> /usr/local/share/jupyter/nbextensions/load_tex_macros/load_tex_macros.yaml
#17 1.730 [I 23:36:35 InstallContribNbextensionsApp] - Validating: [32mOK[0m
#17 1.730 [I 23:36:35 InstallContribNbextensionsApp] Installing /usr/local/lib/python3.8/dist-packages/jupyter_contrib_nbextensions/nbextensions/runtools -> runtools
#17 1.730 [I 23:36:35 InstallContribNbextensionsApp] Making directory: /usr/local/share/jupyter/nbextensions/runtools/
#17 1.731 [I 23:36:35 InstallContribNbextensionsApp] Copying: /usr/local/lib/python3.8/dist-packages/jupyter_contrib_nbextensions/nbextensions/runtools/main.css -> /usr/local/share/jupyter/nbextensions/runtools/main.css
#17 1.731 [I 23:36:35 InstallContribNbextensionsApp] Copying: /usr/local/lib/python3.8/dist-packages/jupyter_contrib_nbextensions/nbextensions/runtools/runtools_show_hide.png -> /usr/local/share/jupyter/nbextensions/runtools/runtools_show_hide.png
#17 1.731 [I 23:36:35 InstallContribNbextensionsApp] Copying: /usr/local/lib/python3.8/dist-packages/jupyter_contrib_nbextensions/nbextensions/runtools/readme.md -> /usr/local/share/jupyter/nbextensions/runtools/readme.md
#17 1.732 [I 23:36:35 InstallContribNbextensionsApp] Copying: /usr/local/lib/python3.8/dist-packages/jupyter_contrib_nbextensions/nbextensions/runtools/runtools_nb.png -> /usr/local/share/jupyter/nbextensions/runtools/runtools_nb.png
#17 1.732 [I 23:36:35 InstallContribNbextensionsApp] Copying: /usr/local/lib/python3.8/dist-packages/jupyter_contrib_nbextensions/nbextensions/runtools/demo.gif -> /usr/local/share/jupyter/nbextensions/runtools/demo.gif
#17 1.734 [I 23:36:35 InstallContribNbextensionsApp] Copying: /usr/local/lib/python3.8/dist-packages/jupyter_contrib_nbextensions/nbextensions/runtools/annotations.odg -> /usr/local/share/jupyter/nbextensions/runtools/annotations.odg
#17 1.735 [I 23:36:35 InstallContribNbextensionsApp] Copying: /usr/local/lib/python3.8/dist-packages/jupyter_contrib_nbextensions/nbextensions/runtools/runtools.yaml -> /usr/local/share/jupyter/nbextensions/runtools/runtools.yaml
#17 1.735 [I 23:36:35 InstallContribNbextensionsApp] Copying: /usr/local/lib/python3.8/dist-packages/jupyter_contrib_nbextensions/nbextensions/runtools/runtools_execute.png -> /usr/local/share/jupyter/nbextensions/runtools/runtools_execute.png
#17 1.735 [I 23:36:35 InstallContribNbextensionsApp] Copying: /usr/local/lib/python3.8/dist-packages/jupyter_contrib_nbextensions/nbextensions/runtools/runtools_marker.png -> /usr/local/share/jupyter/nbextensions/runtools/runtools_marker.png
#17 1.736 [I 23:36:35 InstallContribNbextensionsApp] Copying: /usr/local/lib/python3.8/dist-packages/jupyter_contrib_nbextensions/nbextensions/runtools/cellstate.js -> /usr/local/share/jupyter/nbextensions/runtools/cellstate.js
#17 1.736 [I 23:36:35 InstallContribNbextensionsApp] Copying: /usr/local/lib/python3.8/dist-packages/jupyter_contrib_nbextensions/nbextensions/runtools/runtools_lock.png -> /usr/local/share/jupyter/nbextensions/runtools/runtools_lock.png
#17 1.736 [I 23:36:35 InstallContribNbextensionsApp] Copying: /usr/local/lib/python3.8/dist-packages/jupyter_contrib_nbextensions/nbextensions/runtools/icon.png -> /usr/local/share/jupyter/nbextensions/runtools/icon.png
#17 1.737 [I 23:36:35 InstallContribNbextensionsApp] Copying: /usr/local/lib/python3.8/dist-packages/jupyter_contrib_nbextensions/nbextensions/runtools/main.js -> /usr/local/share/jupyter/nbextensions/runtools/main.js
#17 1.737 [I 23:36:35 InstallContribNbextensionsApp] Copying: /usr/local/lib/python3.8/dist-packages/jupyter_contrib_nbextensions/nbextensions/runtools/gutter.css -> /usr/local/share/jupyter/nbextensions/runtools/gutter.css
#17 1.738 [I 23:36:35 InstallContribNbextensionsApp] - Validating: [32mOK[0m
#17 1.738 [I 23:36:35 InstallContribNbextensionsApp] Installing /usr/local/lib/python3.8/dist-packages/jupyter_contrib_nbextensions/nbextensions/limit_output -> limit_output
#17 1.738 [I 23:36:35 InstallContribNbextensionsApp] Making directory: /usr/local/share/jupyter/nbextensions/limit_output/
#17 1.738 [I 23:36:35 InstallContribNbextensionsApp] Copying: /usr/local/lib/python3.8/dist-packages/jupyter_contrib_nbextensions/nbextensions/limit_output/readme.md -> /usr/local/share/jupyter/nbextensions/limit_output/readme.md
#17 1.739 [I 23:36:35 InstallContribNbextensionsApp] Copying: /usr/local/lib/python3.8/dist-packages/jupyter_contrib_nbextensions/nbextensions/limit_output/limit-output.yaml -> /usr/local/share/jupyter/nbextensions/limit_output/limit-output.yaml
#17 1.739 [I 23:36:35 InstallContribNbextensionsApp] Copying: /usr/local/lib/python3.8/dist-packages/jupyter_contrib_nbextensions/nbextensions/limit_output/icon.png -> /usr/local/share/jupyter/nbextensions/limit_output/icon.png
#17 1.739 [I 23:36:35 InstallContribNbextensionsApp] Copying: /usr/local/lib/python3.8/dist-packages/jupyter_contrib_nbextensions/nbextensions/limit_output/main.js -> /usr/local/share/jupyter/nbextensions/limit_output/main.js
#17 1.739 [I 23:36:35 InstallContribNbextensionsApp] - Validating: [32mOK[0m
#17 1.740 [I 23:36:35 InstallContribNbextensionsApp] Installing /usr/local/lib/python3.8/dist-packages/jupyter_contrib_nbextensions/nbextensions/code_font_size -> code_font_size
#17 1.740 [I 23:36:35 InstallContribNbextensionsApp] Making directory: /usr/local/share/jupyter/nbextensions/code_font_size/
#17 1.740 [I 23:36:35 InstallContribNbextensionsApp] Copying: /usr/local/lib/python3.8/dist-packages/jupyter_contrib_nbextensions/nbextensions/code_font_size/code_font_size.yaml -> /usr/local/share/jupyter/nbextensions/code_font_size/code_font_size.yaml
#17 1.740 [I 23:36:35 InstallContribNbextensionsApp] Copying: /usr/local/lib/python3.8/dist-packages/jupyter_contrib_nbextensions/nbextensions/code_font_size/code_font_size.js -> /usr/local/share/jupyter/nbextensions/code_font_size/code_font_size.js
#17 1.741 [I 23:36:35 InstallContribNbextensionsApp] Copying: /usr/local/lib/python3.8/dist-packages/jupyter_contrib_nbextensions/nbextensions/code_font_size/README.md -> /usr/local/share/jupyter/nbextensions/code_font_size/README.md
#17 1.741 [I 23:36:35 InstallContribNbextensionsApp] - Validating: [32mOK[0m
#17 1.741 [I 23:36:35 InstallContribNbextensionsApp] Installing /usr/local/lib/python3.8/dist-packages/jupyter_contrib_nbextensions/nbextensions/datestamper -> datestamper
#17 1.741 [I 23:36:35 InstallContribNbextensionsApp] Making directory: /usr/local/share/jupyter/nbextensions/datestamper/
#17 1.741 [I 23:36:35 InstallContribNbextensionsApp] Copying: /usr/local/lib/python3.8/dist-packages/jupyter_contrib_nbextensions/nbextensions/datestamper/main.yaml -> /usr/local/share/jupyter/nbextensions/datestamper/main.yaml
#17 1.742 [I 23:36:35 InstallContribNbextensionsApp] Copying: /usr/local/lib/python3.8/dist-packages/jupyter_contrib_nbextensions/nbextensions/datestamper/readme.md -> /usr/local/share/jupyter/nbextensions/datestamper/readme.md
#17 1.742 [I 23:36:35 InstallContribNbextensionsApp] Copying: /usr/local/lib/python3.8/dist-packages/jupyter_contrib_nbextensions/nbextensions/datestamper/icon.png -> /usr/local/share/jupyter/nbextensions/datestamper/icon.png
#17 1.743 [I 23:36:35 InstallContribNbextensionsApp] Copying: /usr/local/lib/python3.8/dist-packages/jupyter_contrib_nbextensions/nbextensions/datestamper/main.js -> /usr/local/share/jupyter/nbextensions/datestamper/main.js
#17 1.743 [I 23:36:35 InstallContribNbextensionsApp] - Validating: [32mOK[0m
#17 1.743 [I 23:36:35 InstallContribNbextensionsApp] Installing /usr/local/lib/python3.8/dist-packages/jupyter_contrib_nbextensions/nbextensions/keyboard_shortcut_editor -> keyboard_shortcut_editor
#17 1.743 [I 23:36:35 InstallContribNbextensionsApp] Making directory: /usr/local/share/jupyter/nbextensions/keyboard_shortcut_editor/
#17 1.744 [I 23:36:35 InstallContribNbextensionsApp] Copying: /usr/local/lib/python3.8/dist-packages/jupyter_contrib_nbextensions/nbextensions/keyboard_shortcut_editor/main.css -> /usr/local/share/jupyter/nbextensions/keyboard_shortcut_editor/main.css
#17 1.744 [I 23:36:35 InstallContribNbextensionsApp] Copying: /usr/local/lib/python3.8/dist-packages/jupyter_contrib_nbextensions/nbextensions/keyboard_shortcut_editor/readme_undefined_key.png -> /usr/local/share/jupyter/nbextensions/keyboard_shortcut_editor/readme_undefined_key.png
#17 1.745 [I 23:36:35 InstallContribNbextensionsApp] Copying: /usr/local/lib/python3.8/dist-packages/jupyter_contrib_nbextensions/nbextensions/keyboard_shortcut_editor/readme_add_new_link.png -> /usr/local/share/jupyter/nbextensions/keyboard_shortcut_editor/readme_add_new_link.png
#17 1.745 [I 23:36:35 InstallContribNbextensionsApp] Copying: /usr/local/lib/python3.8/dist-packages/jupyter_contrib_nbextensions/nbextensions/keyboard_shortcut_editor/quickhelp_shim.js -> /usr/local/share/jupyter/nbextensions/keyboard_shortcut_editor/quickhelp_shim.js
#17 1.746 [I 23:36:35 InstallContribNbextensionsApp] Copying: /usr/local/lib/python3.8/dist-packages/jupyter_contrib_nbextensions/nbextensions/keyboard_shortcut_editor/keyboard_shortcut_editor.yaml -> /usr/local/share/jupyter/nbextensions/keyboard_shortcut_editor/keyboard_shortcut_editor.yaml
#17 1.746 [I 23:36:35 InstallContribNbextensionsApp] Copying: /usr/local/lib/python3.8/dist-packages/jupyter_contrib_nbextensions/nbextensions/keyboard_shortcut_editor/readme_shortcut_editor_blank.png -> /usr/local/share/jupyter/nbextensions/keyboard_shortcut_editor/readme_shortcut_editor_blank.png
#17 1.747 [I 23:36:35 InstallContribNbextensionsApp] Copying: /usr/local/lib/python3.8/dist-packages/jupyter_contrib_nbextensions/nbextensions/keyboard_shortcut_editor/readme_conflict.png -> /usr/local/share/jupyter/nbextensions/keyboard_shortcut_editor/readme_conflict.png
#17 1.748 [I 23:36:35 InstallContribNbextensionsApp] Copying: /usr/local/lib/python3.8/dist-packages/jupyter_contrib_nbextensions/nbextensions/keyboard_shortcut_editor/readme_shortcut_editor_success.png -> /usr/local/share/jupyter/nbextensions/keyboard_shortcut_editor/readme_shortcut_editor_success.png
#17 1.748 [I 23:36:35 InstallContribNbextensionsApp] Copying: /usr/local/lib/python3.8/dist-packages/jupyter_contrib_nbextensions/nbextensions/keyboard_shortcut_editor/readme_dropdown.png -> /usr/local/share/jupyter/nbextensions/keyboard_shortcut_editor/readme_dropdown.png
#17 1.749 [I 23:36:35 InstallContribNbextensionsApp] Copying: /usr/local/lib/python3.8/dist-packages/jupyter_contrib_nbextensions/nbextensions/keyboard_shortcut_editor/icon.png -> /usr/local/share/jupyter/nbextensions/keyboard_shortcut_editor/icon.png
#17 1.750 [I 23:36:35 InstallContribNbextensionsApp] Copying: /usr/local/lib/python3.8/dist-packages/jupyter_contrib_nbextensions/nbextensions/keyboard_shortcut_editor/readme_menu_item.png -> /usr/local/share/jupyter/nbextensions/keyboard_shortcut_editor/readme_menu_item.png
#17 1.750 [I 23:36:35 InstallContribNbextensionsApp] Copying: /usr/local/lib/python3.8/dist-packages/jupyter_contrib_nbextensions/nbextensions/keyboard_shortcut_editor/readme_reset_disabled.png -> /usr/local/share/jupyter/nbextensions/keyboard_shortcut_editor/readme_reset_disabled.png
#17 1.751 [I 23:36:35 InstallContribNbextensionsApp] Copying: /usr/local/lib/python3.8/dist-packages/jupyter_contrib_nbextensions/nbextensions/keyboard_shortcut_editor/readme_add_new_select_action.png -> /usr/local/share/jupyter/nbextensions/keyboard_shortcut_editor/readme_add_new_select_action.png
#17 1.752 [I 23:36:35 InstallContribNbextensionsApp] Copying: /usr/local/lib/python3.8/dist-packages/jupyter_contrib_nbextensions/nbextensions/keyboard_shortcut_editor/main.js -> /usr/local/share/jupyter/nbextensions/keyboard_shortcut_editor/main.js
#17 1.753 [I 23:36:35 InstallContribNbextensionsApp] Copying: /usr/local/lib/python3.8/dist-packages/jupyter_contrib_nbextensions/nbextensions/keyboard_shortcut_editor/readme_comma.png -> /usr/local/share/jupyter/nbextensions/keyboard_shortcut_editor/readme_comma.png
#17 1.753 [I 23:36:35 InstallContribNbextensionsApp] Copying: /usr/local/lib/python3.8/dist-packages/jupyter_contrib_nbextensions/nbextensions/keyboard_shortcut_editor/README.md -> /usr/local/share/jupyter/nbextensions/keyboard_shortcut_editor/README.md
#17 1.754 [I 23:36:35 InstallContribNbextensionsApp] Copying: /usr/local/lib/python3.8/dist-packages/jupyter_contrib_nbextensions/nbextensions/keyboard_shortcut_editor/kse_components.js -> /usr/local/share/jupyter/nbextensions/keyboard_shortcut_editor/kse_components.js
#17 1.754 [I 23:36:35 InstallContribNbextensionsApp] - Validating: [32mOK[0m
#17 1.754 [I 23:36:35 InstallContribNbextensionsApp] Installing /usr/local/lib/python3.8/dist-packages/jupyter_contrib_nbextensions/nbextensions/autosavetime -> autosavetime
#17 1.754 [I 23:36:35 InstallContribNbextensionsApp] Making directory: /usr/local/share/jupyter/nbextensions/autosavetime/
#17 1.755 [I 23:36:35 InstallContribNbextensionsApp] Copying: /usr/local/lib/python3.8/dist-packages/jupyter_contrib_nbextensions/nbextensions/autosavetime/icon.png -> /usr/local/share/jupyter/nbextensions/autosavetime/icon.png
#17 1.755 [I 23:36:35 InstallContribNbextensionsApp] Copying: /usr/local/lib/python3.8/dist-packages/jupyter_contrib_nbextensions/nbextensions/autosavetime/main.js -> /usr/local/share/jupyter/nbextensions/autosavetime/main.js
#17 1.755 [I 23:36:35 InstallContribNbextensionsApp] Copying: /usr/local/lib/python3.8/dist-packages/jupyter_contrib_nbextensions/nbextensions/autosavetime/autosavetime.yaml -> /usr/local/share/jupyter/nbextensions/autosavetime/autosavetime.yaml
#17 1.756 [I 23:36:35 InstallContribNbextensionsApp] Copying: /usr/local/lib/python3.8/dist-packages/jupyter_contrib_nbextensions/nbextensions/autosavetime/README.md -> /usr/local/share/jupyter/nbextensions/autosavetime/README.md
#17 1.756 [I 23:36:35 InstallContribNbextensionsApp] - Validating: [32mOK[0m
#17 1.756 [I 23:36:35 InstallContribNbextensionsApp] Installing /usr/local/lib/python3.8/dist-packages/jupyter_contrib_nbextensions/nbextensions/snippets -> snippets
#17 1.756 [I 23:36:35 InstallContribNbextensionsApp] Making directory: /usr/local/share/jupyter/nbextensions/snippets/
#17 1.757 [I 23:36:35 InstallContribNbextensionsApp] Copying: /usr/local/lib/python3.8/dist-packages/jupyter_contrib_nbextensions/nbextensions/snippets/snippets.yaml -> /usr/local/share/jupyter/nbextensions/snippets/snippets.yaml
#17 1.757 [I 23:36:35 InstallContribNbextensionsApp] Copying: /usr/local/lib/python3.8/dist-packages/jupyter_contrib_nbextensions/nbextensions/snippets/snippets.json -> /usr/local/share/jupyter/nbextensions/snippets/snippets.json
#17 1.757 [I 23:36:35 InstallContribNbextensionsApp] Copying: /usr/local/lib/python3.8/dist-packages/jupyter_contrib_nbextensions/nbextensions/snippets/main.js -> /usr/local/share/jupyter/nbextensions/snippets/main.js
#17 1.758 [I 23:36:35 InstallContribNbextensionsApp] Copying: /usr/local/lib/python3.8/dist-packages/jupyter_contrib_nbextensions/nbextensions/snippets/snippets-demo.gif -> /usr/local/share/jupyter/nbextensions/snippets/snippets-demo.gif
#17 1.759 [I 23:36:35 InstallContribNbextensionsApp] Copying: /usr/local/lib/python3.8/dist-packages/jupyter_contrib_nbextensions/nbextensions/snippets/README.md -> /usr/local/share/jupyter/nbextensions/snippets/README.md
#17 1.760 [I 23:36:35 InstallContribNbextensionsApp] - Validating: [32mOK[0m
#17 1.760 [I 23:36:35 InstallContribNbextensionsApp] Installing /usr/local/lib/python3.8/dist-packages/jupyter_contrib_nbextensions/nbextensions/help_panel -> help_panel
#17 1.760 [I 23:36:35 InstallContribNbextensionsApp] Making directory: /usr/local/share/jupyter/nbextensions/help_panel/
#17 1.760 [I 23:36:35 InstallContribNbextensionsApp] Copying: /usr/local/lib/python3.8/dist-packages/jupyter_contrib_nbextensions/nbextensions/help_panel/help_panel.js -> /usr/local/share/jupyter/nbextensions/help_panel/help_panel.js
#17 1.760 [I 23:36:35 InstallContribNbextensionsApp] Copying: /usr/local/lib/python3.8/dist-packages/jupyter_contrib_nbextensions/nbextensions/help_panel/readme.md -> /usr/local/share/jupyter/nbextensions/help_panel/readme.md
#17 1.761 [I 23:36:35 InstallContribNbextensionsApp] Copying: /usr/local/lib/python3.8/dist-packages/jupyter_contrib_nbextensions/nbextensions/help_panel/help_panel_ext_fullscreen.png -> /usr/local/share/jupyter/nbextensions/help_panel/help_panel_ext_fullscreen.png
#17 1.762 [I 23:36:35 InstallContribNbextensionsApp] Copying: /usr/local/lib/python3.8/dist-packages/jupyter_contrib_nbextensions/nbextensions/help_panel/help_panel.yaml -> /usr/local/share/jupyter/nbextensions/help_panel/help_panel.yaml
#17 1.762 [I 23:36:35 InstallContribNbextensionsApp] Copying: /usr/local/lib/python3.8/dist-packages/jupyter_contrib_nbextensions/nbextensions/help_panel/help_panel_ext.png -> /usr/local/share/jupyter/nbextensions/help_panel/help_panel_ext.png
#17 1.764 [I 23:36:35 InstallContribNbextensionsApp] Copying: /usr/local/lib/python3.8/dist-packages/jupyter_contrib_nbextensions/nbextensions/help_panel/help_panel.css -> /usr/local/share/jupyter/nbextensions/help_panel/help_panel.css
#17 1.764 [I 23:36:35 InstallContribNbextensionsApp] Copying: /usr/local/lib/python3.8/dist-packages/jupyter_contrib_nbextensions/nbextensions/help_panel/icon.png -> /usr/local/share/jupyter/nbextensions/help_panel/icon.png
#17 1.765 [I 23:36:35 InstallContribNbextensionsApp] Making directory: /usr/local/share/jupyter/nbextensions/help_panel/img
#17 1.765 [I 23:36:35 InstallContribNbextensionsApp] Copying: /usr/local/lib/python3.8/dist-packages/jupyter_contrib_nbextensions/nbextensions/help_panel/img/handle-v.png -> /usr/local/share/jupyter/nbextensions/help_panel/img/handle-v.png
#17 1.765 [I 23:36:35 InstallContribNbextensionsApp] - Validating: [32mOK[0m
#17 1.765 [I 23:36:35 InstallContribNbextensionsApp] Installing /usr/local/lib/python3.8/dist-packages/jupyter_contrib_nbextensions/nbextensions/execution_dependencies -> execution_dependencies
#17 1.766 [I 23:36:35 InstallContribNbextensionsApp] Making directory: /usr/local/share/jupyter/nbextensions/execution_dependencies/
#17 1.766 [I 23:36:35 InstallContribNbextensionsApp] Copying: /usr/local/lib/python3.8/dist-packages/jupyter_contrib_nbextensions/nbextensions/execution_dependencies/execution_dependencies.yml -> /usr/local/share/jupyter/nbextensions/execution_dependencies/execution_dependencies.yml
#17 1.766 [I 23:36:35 InstallContribNbextensionsApp] Copying: /usr/local/lib/python3.8/dist-packages/jupyter_contrib_nbextensions/nbextensions/execution_dependencies/execution_dependencies.js -> /usr/local/share/jupyter/nbextensions/execution_dependencies/execution_dependencies.js
#17 1.767 [I 23:36:35 InstallContribNbextensionsApp] Copying: /usr/local/lib/python3.8/dist-packages/jupyter_contrib_nbextensions/nbextensions/execution_dependencies/README.md -> /usr/local/share/jupyter/nbextensions/execution_dependencies/README.md
#17 1.767 [I 23:36:35 InstallContribNbextensionsApp] - Validating: [32mOK[0m
#17 1.767 [I 23:36:35 InstallContribNbextensionsApp] Installing /usr/local/lib/python3.8/dist-packages/jupyter_contrib_nbextensions/nbextensions/comment-uncomment -> comment-uncomment
#17 1.767 [I 23:36:35 InstallContribNbextensionsApp] Making directory: /usr/local/share/jupyter/nbextensions/comment-uncomment/
#17 1.767 [I 23:36:35 InstallContribNbextensionsApp] Copying: /usr/local/lib/python3.8/dist-packages/jupyter_contrib_nbextensions/nbextensions/comment-uncomment/readme.md -> /usr/local/share/jupyter/nbextensions/comment-uncomment/readme.md
#17 1.768 [I 23:36:35 InstallContribNbextensionsApp] Copying: /usr/local/lib/python3.8/dist-packages/jupyter_contrib_nbextensions/nbextensions/comment-uncomment/comment-uncomment.yaml -> /usr/local/share/jupyter/nbextensions/comment-uncomment/comment-uncomment.yaml
#17 1.768 [I 23:36:35 InstallContribNbextensionsApp] Copying: /usr/local/lib/python3.8/dist-packages/jupyter_contrib_nbextensions/nbextensions/comment-uncomment/icon.png -> /usr/local/share/jupyter/nbextensions/comment-uncomment/icon.png
#17 1.768 [I 23:36:35 InstallContribNbextensionsApp] Copying: /usr/local/lib/python3.8/dist-packages/jupyter_contrib_nbextensions/nbextensions/comment-uncomment/main.js -> /usr/local/share/jupyter/nbextensions/comment-uncomment/main.js
#17 1.769 [I 23:36:35 InstallContribNbextensionsApp] - Validating: [32mOK[0m
#17 1.769 [I 23:36:35 InstallContribNbextensionsApp] Installing /usr/local/lib/python3.8/dist-packages/jupyter_contrib_nbextensions/nbextensions/collapsible_headings -> collapsible_headings
#17 1.769 [I 23:36:35 InstallContribNbextensionsApp] Making directory: /usr/local/share/jupyter/nbextensions/collapsible_headings/
#17 1.769 [I 23:36:35 InstallContribNbextensionsApp] Copying: /usr/local/lib/python3.8/dist-packages/jupyter_contrib_nbextensions/nbextensions/collapsible_headings/main.css -> /usr/local/share/jupyter/nbextensions/collapsible_headings/main.css
#17 1.770 [I 23:36:35 InstallContribNbextensionsApp] Copying: /usr/local/lib/python3.8/dist-packages/jupyter_contrib_nbextensions/nbextensions/collapsible_headings/readme.md -> /usr/local/share/jupyter/nbextensions/collapsible_headings/readme.md
#17 1.770 [I 23:36:35 InstallContribNbextensionsApp] Copying: /usr/local/lib/python3.8/dist-packages/jupyter_contrib_nbextensions/nbextensions/collapsible_headings/screenshot.png -> /usr/local/share/jupyter/nbextensions/collapsible_headings/screenshot.png
#17 1.771 [I 23:36:35 InstallContribNbextensionsApp] Copying: /usr/local/lib/python3.8/dist-packages/jupyter_contrib_nbextensions/nbextensions/collapsible_headings/collapsible_headings.yaml -> /usr/local/share/jupyter/nbextensions/collapsible_headings/collapsible_headings.yaml
#17 1.771 [I 23:36:35 InstallContribNbextensionsApp] Copying: /usr/local/lib/python3.8/dist-packages/jupyter_contrib_nbextensions/nbextensions/collapsible_headings/icon.png -> /usr/local/share/jupyter/nbextensions/collapsible_headings/icon.png
#17 1.772 [I 23:36:35 InstallContribNbextensionsApp] Copying: /usr/local/lib/python3.8/dist-packages/jupyter_contrib_nbextensions/nbextensions/collapsible_headings/main.js -> /usr/local/share/jupyter/nbextensions/collapsible_headings/main.js
#17 1.772 [I 23:36:35 InstallContribNbextensionsApp] - Validating: [32mOK[0m
#17 1.772 [I 23:36:35 InstallContribNbextensionsApp] Installing /usr/local/lib/python3.8/dist-packages/jupyter_contrib_nbextensions/nbextensions/qtconsole -> qtconsole
#17 1.773 [I 23:36:35 InstallContribNbextensionsApp] Making directory: /usr/local/share/jupyter/nbextensions/qtconsole/
#17 1.773 [I 23:36:35 InstallContribNbextensionsApp] Copying: /usr/local/lib/python3.8/dist-packages/jupyter_contrib_nbextensions/nbextensions/qtconsole/qtconsole.js -> /usr/local/share/jupyter/nbextensions/qtconsole/qtconsole.js
#17 1.773 [I 23:36:35 InstallContribNbextensionsApp] Copying: /usr/local/lib/python3.8/dist-packages/jupyter_contrib_nbextensions/nbextensions/qtconsole/qtconsole.yaml -> /usr/local/share/jupyter/nbextensions/qtconsole/qtconsole.yaml
#17 1.773 [I 23:36:35 InstallContribNbextensionsApp] Copying: /usr/local/lib/python3.8/dist-packages/jupyter_contrib_nbextensions/nbextensions/qtconsole/README.md -> /usr/local/share/jupyter/nbextensions/qtconsole/README.md
#17 1.774 [I 23:36:35 InstallContribNbextensionsApp] - Validating: [32mOK[0m
#17 1.774 [I 23:36:35 InstallContribNbextensionsApp] Installing /usr/local/lib/python3.8/dist-packages/jupyter_contrib_nbextensions/nbextensions/autoscroll -> autoscroll
#17 1.774 [I 23:36:35 InstallContribNbextensionsApp] Making directory: /usr/local/share/jupyter/nbextensions/autoscroll/
#17 1.774 [I 23:36:35 InstallContribNbextensionsApp] Copying: /usr/local/lib/python3.8/dist-packages/jupyter_contrib_nbextensions/nbextensions/autoscroll/icon.png -> /usr/local/share/jupyter/nbextensions/autoscroll/icon.png
#17 1.775 [I 23:36:35 InstallContribNbextensionsApp] Copying: /usr/local/lib/python3.8/dist-packages/jupyter_contrib_nbextensions/nbextensions/autoscroll/main.js -> /usr/local/share/jupyter/nbextensions/autoscroll/main.js
#17 1.775 [I 23:36:35 InstallContribNbextensionsApp] Copying: /usr/local/lib/python3.8/dist-packages/jupyter_contrib_nbextensions/nbextensions/autoscroll/README.md -> /usr/local/share/jupyter/nbextensions/autoscroll/README.md
#17 1.775 [I 23:36:35 InstallContribNbextensionsApp] Copying: /usr/local/lib/python3.8/dist-packages/jupyter_contrib_nbextensions/nbextensions/autoscroll/autoscroll.yaml -> /usr/local/share/jupyter/nbextensions/autoscroll/autoscroll.yaml
#17 1.776 [I 23:36:35 InstallContribNbextensionsApp] - Validating: [32mOK[0m
#17 1.776 [I 23:36:35 InstallContribNbextensionsApp] Installing /usr/local/lib/python3.8/dist-packages/jupyter_contrib_nbextensions/nbextensions/python-markdown -> python-markdown
#17 1.776 [I 23:36:35 InstallContribNbextensionsApp] Making directory: /usr/local/share/jupyter/nbextensions/python-markdown/
#17 1.776 [I 23:36:35 InstallContribNbextensionsApp] Copying: /usr/local/lib/python3.8/dist-packages/jupyter_contrib_nbextensions/nbextensions/python-markdown/main.css -> /usr/local/share/jupyter/nbextensions/python-markdown/main.css
#17 1.777 [I 23:36:35 InstallContribNbextensionsApp] Copying: /usr/local/lib/python3.8/dist-packages/jupyter_contrib_nbextensions/nbextensions/python-markdown/readme.md -> /usr/local/share/jupyter/nbextensions/python-markdown/readme.md
#17 1.777 [I 23:36:35 InstallContribNbextensionsApp] Copying: /usr/local/lib/python3.8/dist-packages/jupyter_contrib_nbextensions/nbextensions/python-markdown/python-markdown-pre.png -> /usr/local/share/jupyter/nbextensions/python-markdown/python-markdown-pre.png
#17 1.777 [I 23:36:35 InstallContribNbextensionsApp] Copying: /usr/local/lib/python3.8/dist-packages/jupyter_contrib_nbextensions/nbextensions/python-markdown/python-markdown-post.png -> /usr/local/share/jupyter/nbextensions/python-markdown/python-markdown-post.png
#17 1.778 [I 23:36:35 InstallContribNbextensionsApp] Copying: /usr/local/lib/python3.8/dist-packages/jupyter_contrib_nbextensions/nbextensions/python-markdown/trusted.png -> /usr/local/share/jupyter/nbextensions/python-markdown/trusted.png
#17 1.778 [I 23:36:35 InstallContribNbextensionsApp] Copying: /usr/local/lib/python3.8/dist-packages/jupyter_contrib_nbextensions/nbextensions/python-markdown/untrusted.png -> /usr/local/share/jupyter/nbextensions/python-markdown/untrusted.png
#17 1.779 [I 23:36:35 InstallContribNbextensionsApp] Copying: /usr/local/lib/python3.8/dist-packages/jupyter_contrib_nbextensions/nbextensions/python-markdown/python-markdown.yaml -> /usr/local/share/jupyter/nbextensions/python-markdown/python-markdown.yaml
#17 1.779 [I 23:36:35 InstallContribNbextensionsApp] Copying: /usr/local/lib/python3.8/dist-packages/jupyter_contrib_nbextensions/nbextensions/python-markdown/main.js -> /usr/local/share/jupyter/nbextensions/python-markdown/main.js
#17 1.779 [I 23:36:35 InstallContribNbextensionsApp] Copying: /usr/local/lib/python3.8/dist-packages/jupyter_contrib_nbextensions/nbextensions/python-markdown/python-markdown.png -> /usr/local/share/jupyter/nbextensions/python-markdown/python-markdown.png
#17 1.780 [I 23:36:35 InstallContribNbextensionsApp] - Validating: [32mOK[0m
#17 1.780 [I 23:36:35 InstallContribNbextensionsApp] Installing /usr/local/lib/python3.8/dist-packages/jupyter_contrib_nbextensions/nbextensions/init_cell -> init_cell
#17 1.780 [I 23:36:35 InstallContribNbextensionsApp] Making directory: /usr/local/share/jupyter/nbextensions/init_cell/
#17 1.780 [I 23:36:35 InstallContribNbextensionsApp] Copying: /usr/local/lib/python3.8/dist-packages/jupyter_contrib_nbextensions/nbextensions/init_cell/icon.png -> /usr/local/share/jupyter/nbextensions/init_cell/icon.png
#17 1.781 [I 23:36:35 InstallContribNbextensionsApp] Copying: /usr/local/lib/python3.8/dist-packages/jupyter_contrib_nbextensions/nbextensions/init_cell/init_cell.yaml -> /usr/local/share/jupyter/nbextensions/init_cell/init_cell.yaml
#17 1.781 [I 23:36:35 InstallContribNbextensionsApp] Copying: /usr/local/lib/python3.8/dist-packages/jupyter_contrib_nbextensions/nbextensions/init_cell/main.js -> /usr/local/share/jupyter/nbextensions/init_cell/main.js
#17 1.781 [I 23:36:35 InstallContribNbextensionsApp] Copying: /usr/local/lib/python3.8/dist-packages/jupyter_contrib_nbextensions/nbextensions/init_cell/README.md -> /usr/local/share/jupyter/nbextensions/init_cell/README.md
#17 1.782 [I 23:36:35 InstallContribNbextensionsApp] Copying: /usr/local/lib/python3.8/dist-packages/jupyter_contrib_nbextensions/nbextensions/init_cell/cell_toolbar_menu.png -> /usr/local/share/jupyter/nbextensions/init_cell/cell_toolbar_menu.png
#17 1.782 [I 23:36:35 InstallContribNbextensionsApp] - Validating: [32mOK[0m
#17 1.782 [I 23:36:35 InstallContribNbextensionsApp] Installing /usr/local/lib/python3.8/dist-packages/jupyter_contrib_nbextensions/nbextensions/splitcell -> splitcell
#17 1.782 [I 23:36:35 InstallContribNbextensionsApp] Making directory: /usr/local/share/jupyter/nbextensions/splitcell/
#17 1.783 [I 23:36:35 InstallContribNbextensionsApp] Copying: /usr/local/lib/python3.8/dist-packages/jupyter_contrib_nbextensions/nbextensions/splitcell/readme.md -> /usr/local/share/jupyter/nbextensions/splitcell/readme.md
#17 1.783 [I 23:36:35 InstallContribNbextensionsApp] Copying: /usr/local/lib/python3.8/dist-packages/jupyter_contrib_nbextensions/nbextensions/splitcell/splitcell.yaml -> /usr/local/share/jupyter/nbextensions/splitcell/splitcell.yaml
#17 1.783 [I 23:36:35 InstallContribNbextensionsApp] Copying: /usr/local/lib/python3.8/dist-packages/jupyter_contrib_nbextensions/nbextensions/splitcell/splitcell.js -> /usr/local/share/jupyter/nbextensions/splitcell/splitcell.js
#17 1.784 [I 23:36:35 InstallContribNbextensionsApp] Copying: /usr/local/lib/python3.8/dist-packages/jupyter_contrib_nbextensions/nbextensions/splitcell/icon.png -> /usr/local/share/jupyter/nbextensions/splitcell/icon.png
#17 1.784 [I 23:36:35 InstallContribNbextensionsApp] - Validating: [32mOK[0m
#17 1.784 [I 23:36:35 InstallContribNbextensionsApp] Installing /usr/local/lib/python3.8/dist-packages/jupyter_contrib_nbextensions/nbextensions/hide_header -> hide_header
#17 1.784 [I 23:36:35 InstallContribNbextensionsApp] Making directory: /usr/local/share/jupyter/nbextensions/hide_header/
#17 1.785 [I 23:36:35 InstallContribNbextensionsApp] Copying: /usr/local/lib/python3.8/dist-packages/jupyter_contrib_nbextensions/nbextensions/hide_header/hide_header.yaml -> /usr/local/share/jupyter/nbextensions/hide_header/hide_header.yaml
#17 1.785 [I 23:36:35 InstallContribNbextensionsApp] Copying: /usr/local/lib/python3.8/dist-packages/jupyter_contrib_nbextensions/nbextensions/hide_header/main.js -> /usr/local/share/jupyter/nbextensions/hide_header/main.js
#17 1.785 [I 23:36:35 InstallContribNbextensionsApp] Copying: /usr/local/lib/python3.8/dist-packages/jupyter_contrib_nbextensions/nbextensions/hide_header/README.md -> /usr/local/share/jupyter/nbextensions/hide_header/README.md
#17 1.785 [I 23:36:35 InstallContribNbextensionsApp] - Validating: [32mOK[0m
#17 1.785 [I 23:36:35 InstallContribNbextensionsApp] Installing /usr/local/lib/python3.8/dist-packages/jupyter_contrib_nbextensions/nbextensions/snippets_menu -> snippets_menu
#17 1.786 [I 23:36:35 InstallContribNbextensionsApp] Making directory: /usr/local/share/jupyter/nbextensions/snippets_menu/
#17 1.786 [I 23:36:35 InstallContribNbextensionsApp] Copying: /usr/local/lib/python3.8/dist-packages/jupyter_contrib_nbextensions/nbextensions/snippets_menu/thumbnail.png -> /usr/local/share/jupyter/nbextensions/snippets_menu/thumbnail.png
#17 1.787 [I 23:36:35 InstallContribNbextensionsApp] Copying: /usr/local/lib/python3.8/dist-packages/jupyter_contrib_nbextensions/nbextensions/snippets_menu/examples_for_custom.js -> /usr/local/share/jupyter/nbextensions/snippets_menu/examples_for_custom.js
#17 1.787 [I 23:36:35 InstallContribNbextensionsApp] Copying: /usr/local/lib/python3.8/dist-packages/jupyter_contrib_nbextensions/nbextensions/snippets_menu/snippets_submenu_python.js -> /usr/local/share/jupyter/nbextensions/snippets_menu/snippets_submenu_python.js
#17 1.788 [I 23:36:35 InstallContribNbextensionsApp] Copying: /usr/local/lib/python3.8/dist-packages/jupyter_contrib_nbextensions/nbextensions/snippets_menu/readme.md -> /usr/local/share/jupyter/nbextensions/snippets_menu/readme.md
#17 1.788 [I 23:36:35 InstallContribNbextensionsApp] Copying: /usr/local/lib/python3.8/dist-packages/jupyter_contrib_nbextensions/nbextensions/snippets_menu/config.yaml -> /usr/local/share/jupyter/nbextensions/snippets_menu/config.yaml
#17 1.788 [I 23:36:35 InstallContribNbextensionsApp] Copying: /usr/local/lib/python3.8/dist-packages/jupyter_contrib_nbextensions/nbextensions/snippets_menu/snippets_menu.css -> /usr/local/share/jupyter/nbextensions/snippets_menu/snippets_menu.css
#17 1.789 [I 23:36:35 InstallContribNbextensionsApp] Copying: /usr/local/lib/python3.8/dist-packages/jupyter_contrib_nbextensions/nbextensions/snippets_menu/screenshot1.png -> /usr/local/share/jupyter/nbextensions/snippets_menu/screenshot1.png
#17 1.791 [I 23:36:35 InstallContribNbextensionsApp] Copying: /usr/local/lib/python3.8/dist-packages/jupyter_contrib_nbextensions/nbextensions/snippets_menu/screenshot2.png -> /usr/local/share/jupyter/nbextensions/snippets_menu/screenshot2.png
#17 1.792 [I 23:36:35 InstallContribNbextensionsApp] Copying: /usr/local/lib/python3.8/dist-packages/jupyter_contrib_nbextensions/nbextensions/snippets_menu/screenshot3.png -> /usr/local/share/jupyter/nbextensions/snippets_menu/screenshot3.png
#17 1.794 [I 23:36:35 InstallContribNbextensionsApp] Copying: /usr/local/lib/python3.8/dist-packages/jupyter_contrib_nbextensions/nbextensions/snippets_menu/main.js -> /usr/local/share/jupyter/nbextensions/snippets_menu/main.js
#17 1.794 [I 23:36:35 InstallContribNbextensionsApp] Copying: /usr/local/lib/python3.8/dist-packages/jupyter_contrib_nbextensions/nbextensions/snippets_menu/snippets_submenu_markdown.js -> /usr/local/share/jupyter/nbextensions/snippets_menu/snippets_submenu_markdown.js
#17 1.795 [I 23:36:35 InstallContribNbextensionsApp] Making directory: /usr/local/share/jupyter/nbextensions/snippets_menu/snippets_submenus_python
#17 1.795 [I 23:36:35 InstallContribNbextensionsApp] Copying: /usr/local/lib/python3.8/dist-packages/jupyter_contrib_nbextensions/nbextensions/snippets_menu/snippets_submenus_python/scipy_constants.js -> /usr/local/share/jupyter/nbextensions/snippets_menu/snippets_submenus_python/scipy_constants.js
#17 1.796 [I 23:36:35 InstallContribNbextensionsApp] Copying: /usr/local/lib/python3.8/dist-packages/jupyter_contrib_nbextensions/nbextensions/snippets_menu/snippets_submenus_python/sympy_functions.js -> /usr/local/share/jupyter/nbextensions/snippets_menu/snippets_submenus_python/sympy_functions.js
#17 1.796 [I 23:36:35 InstallContribNbextensionsApp] Copying: /usr/local/lib/python3.8/dist-packages/jupyter_contrib_nbextensions/nbextensions/snippets_menu/snippets_submenus_python/scipy.js -> /usr/local/share/jupyter/nbextensions/snippets_menu/snippets_submenus_python/scipy.js
#17 1.797 [I 23:36:35 InstallContribNbextensionsApp] Copying: /usr/local/lib/python3.8/dist-packages/jupyter_contrib_nbextensions/nbextensions/snippets_menu/snippets_submenus_python/sympy.js -> /usr/local/share/jupyter/nbextensions/snippets_menu/snippets_submenus_python/sympy.js
#17 1.797 [I 23:36:35 InstallContribNbextensionsApp] Copying: /usr/local/lib/python3.8/dist-packages/jupyter_contrib_nbextensions/nbextensions/snippets_menu/snippets_submenus_python/python.js -> /usr/local/share/jupyter/nbextensions/snippets_menu/snippets_submenus_python/python.js
#17 1.798 [I 23:36:35 InstallContribNbextensionsApp] Copying: /usr/local/lib/python3.8/dist-packages/jupyter_contrib_nbextensions/nbextensions/snippets_menu/snippets_submenus_python/sympy_assumptions.js -> /usr/local/share/jupyter/nbextensions/snippets_menu/snippets_submenus_python/sympy_assumptions.js
#17 1.798 [I 23:36:35 InstallContribNbextensionsApp] Copying: /usr/local/lib/python3.8/dist-packages/jupyter_contrib_nbextensions/nbextensions/snippets_menu/snippets_submenus_python/matplotlib.js -> /usr/local/share/jupyter/nbextensions/snippets_menu/snippets_submenus_python/matplotlib.js
#17 1.798 [I 23:36:35 InstallContribNbextensionsApp] Copying: /usr/local/lib/python3.8/dist-packages/jupyter_contrib_nbextensions/nbextensions/snippets_menu/snippets_submenus_python/numpy.js -> /usr/local/share/jupyter/nbextensions/snippets_menu/snippets_submenus_python/numpy.js
#17 1.799 [I 23:36:35 InstallContribNbextensionsApp] Copying: /usr/local/lib/python3.8/dist-packages/jupyter_contrib_nbextensions/nbextensions/snippets_menu/snippets_submenus_python/astropy.js -> /usr/local/share/jupyter/nbextensions/snippets_menu/snippets_submenus_python/astropy.js
#17 1.799 [I 23:36:35 InstallContribNbextensionsApp] Copying: /usr/local/lib/python3.8/dist-packages/jupyter_contrib_nbextensions/nbextensions/snippets_menu/snippets_submenus_python/h5py.js -> /usr/local/share/jupyter/nbextensions/snippets_menu/snippets_submenus_python/h5py.js
#17 1.800 [I 23:36:35 InstallContribNbextensionsApp] Copying: /usr/local/lib/python3.8/dist-packages/jupyter_contrib_nbextensions/nbextensions/snippets_menu/snippets_submenus_python/python_regex.js -> /usr/local/share/jupyter/nbextensions/snippets_menu/snippets_submenus_python/python_regex.js
#17 1.800 [I 23:36:35 InstallContribNbextensionsApp] Copying: /usr/local/lib/python3.8/dist-packages/jupyter_contrib_nbextensions/nbextensions/snippets_menu/snippets_submenus_python/numpy_polynomial.js -> /usr/local/share/jupyter/nbextensions/snippets_menu/snippets_submenus_python/numpy_polynomial.js
#17 1.800 [I 23:36:35 InstallContribNbextensionsApp] Copying: /usr/local/lib/python3.8/dist-packages/jupyter_contrib_nbextensions/nbextensions/snippets_menu/snippets_submenus_python/numba.js -> /usr/local/share/jupyter/nbextensions/snippets_menu/snippets_submenus_python/numba.js
#17 1.801 [I 23:36:35 InstallContribNbextensionsApp] Copying: /usr/local/lib/python3.8/dist-packages/jupyter_contrib_nbextensions/nbextensions/snippets_menu/snippets_submenus_python/numpy_ufuncs.js -> /usr/local/share/jupyter/nbextensions/snippets_menu/snippets_submenus_python/numpy_ufuncs.js
#17 1.801 [I 23:36:35 InstallContribNbextensionsApp] Copying: /usr/local/lib/python3.8/dist-packages/jupyter_contrib_nbextensions/nbextensions/snippets_menu/snippets_submenus_python/pandas.js -> /usr/local/share/jupyter/nbextensions/snippets_menu/snippets_submenus_python/pandas.js
#17 1.802 [I 23:36:35 InstallContribNbextensionsApp] Copying: /usr/local/lib/python3.8/dist-packages/jupyter_contrib_nbextensions/nbextensions/snippets_menu/snippets_submenus_python/scipy_special.js -> /usr/local/share/jupyter/nbextensions/snippets_menu/snippets_submenus_python/scipy_special.js
#17 1.802 [I 23:36:35 InstallContribNbextensionsApp] - Validating: [32mOK[0m
#17 1.802 [I 23:36:35 InstallContribNbextensionsApp] Installing /usr/local/lib/python3.8/dist-packages/jupyter_contrib_nbextensions/nbextensions/hide_input -> hide_input
#17 1.803 [I 23:36:35 InstallContribNbextensionsApp] Making directory: /usr/local/share/jupyter/nbextensions/hide_input/
#17 1.803 [I 23:36:35 InstallContribNbextensionsApp] Copying: /usr/local/lib/python3.8/dist-packages/jupyter_contrib_nbextensions/nbextensions/hide_input/readme.md -> /usr/local/share/jupyter/nbextensions/hide_input/readme.md
#17 1.803 [I 23:36:35 InstallContribNbextensionsApp] Copying: /usr/local/lib/python3.8/dist-packages/jupyter_contrib_nbextensions/nbextensions/hide_input/hide-input.yaml -> /usr/local/share/jupyter/nbextensions/hide_input/hide-input.yaml
#17 1.803 [I 23:36:35 InstallContribNbextensionsApp] Copying: /usr/local/lib/python3.8/dist-packages/jupyter_contrib_nbextensions/nbextensions/hide_input/icon.png -> /usr/local/share/jupyter/nbextensions/hide_input/icon.png
#17 1.804 [I 23:36:35 InstallContribNbextensionsApp] Copying: /usr/local/lib/python3.8/dist-packages/jupyter_contrib_nbextensions/nbextensions/hide_input/main.js -> /usr/local/share/jupyter/nbextensions/hide_input/main.js
#17 1.804 [I 23:36:35 InstallContribNbextensionsApp] - Validating: [32mOK[0m
#17 1.804 [I 23:36:35 InstallContribNbextensionsApp] Installing /usr/local/lib/python3.8/dist-packages/jupyter_contrib_nbextensions/nbextensions/livemdpreview -> livemdpreview
#17 1.804 [I 23:36:35 InstallContribNbextensionsApp] Making directory: /usr/local/share/jupyter/nbextensions/livemdpreview/
#17 1.805 [I 23:36:35 InstallContribNbextensionsApp] Copying: /usr/local/lib/python3.8/dist-packages/jupyter_contrib_nbextensions/nbextensions/livemdpreview/livemdpreview.yml -> /usr/local/share/jupyter/nbextensions/livemdpreview/livemdpreview.yml
#17 1.805 [I 23:36:35 InstallContribNbextensionsApp] Copying: /usr/local/lib/python3.8/dist-packages/jupyter_contrib_nbextensions/nbextensions/livemdpreview/livemdpreview.js -> /usr/local/share/jupyter/nbextensions/livemdpreview/livemdpreview.js
#17 1.805 [I 23:36:35 InstallContribNbextensionsApp] - Validating: [32mOK[0m
#17 1.805 [I 23:36:35 InstallContribNbextensionsApp] Installing /usr/local/lib/python3.8/dist-packages/jupyter_contrib_nbextensions/nbextensions/toc2 -> toc2
#17 1.805 [I 23:36:35 InstallContribNbextensionsApp] Making directory: /usr/local/share/jupyter/nbextensions/toc2/
#17 1.806 [I 23:36:35 InstallContribNbextensionsApp] Copying: /usr/local/lib/python3.8/dist-packages/jupyter_contrib_nbextensions/nbextensions/toc2/demo2.gif -> /usr/local/share/jupyter/nbextensions/toc2/demo2.gif
#17 1.807 [I 23:36:35 InstallContribNbextensionsApp] Copying: /usr/local/lib/python3.8/dist-packages/jupyter_contrib_nbextensions/nbextensions/toc2/main.css -> /usr/local/share/jupyter/nbextensions/toc2/main.css
#17 1.808 [I 23:36:35 InstallContribNbextensionsApp] Copying: /usr/local/lib/python3.8/dist-packages/jupyter_contrib_nbextensions/nbextensions/toc2/toc2.js -> /usr/local/share/jupyter/nbextensions/toc2/toc2.js
#17 1.808 [I 23:36:35 InstallContribNbextensionsApp] Copying: /usr/local/lib/python3.8/dist-packages/jupyter_contrib_nbextensions/nbextensions/toc2/image.png -> /usr/local/share/jupyter/nbextensions/toc2/image.png
#17 1.809 [I 23:36:35 InstallContribNbextensionsApp] Copying: /usr/local/lib/python3.8/dist-packages/jupyter_contrib_nbextensions/nbextensions/toc2/demo.gif -> /usr/local/share/jupyter/nbextensions/toc2/demo.gif
#17 1.816 [I 23:36:35 InstallContribNbextensionsApp] Copying: /usr/local/lib/python3.8/dist-packages/jupyter_contrib_nbextensions/nbextensions/toc2/toc2.yaml -> /usr/local/share/jupyter/nbextensions/toc2/toc2.yaml
#17 1.816 [I 23:36:35 InstallContribNbextensionsApp] Copying: /usr/local/lib/python3.8/dist-packages/jupyter_contrib_nbextensions/nbextensions/toc2/icon.png -> /usr/local/share/jupyter/nbextensions/toc2/icon.png
#17 1.817 [I 23:36:35 InstallContribNbextensionsApp] Copying: /usr/local/lib/python3.8/dist-packages/jupyter_contrib_nbextensions/nbextensions/toc2/demo3.gif -> /usr/local/share/jupyter/nbextensions/toc2/demo3.gif
#17 1.817 [I 23:36:35 InstallContribNbextensionsApp] Copying: /usr/local/lib/python3.8/dist-packages/jupyter_contrib_nbextensions/nbextensions/toc2/main.js -> /usr/local/share/jupyter/nbextensions/toc2/main.js
#17 1.818 [I 23:36:35 InstallContribNbextensionsApp] Copying: /usr/local/lib/python3.8/dist-packages/jupyter_contrib_nbextensions/nbextensions/toc2/README.md -> /usr/local/share/jupyter/nbextensions/toc2/README.md
#17 1.818 [I 23:36:35 InstallContribNbextensionsApp] Copying: /usr/local/lib/python3.8/dist-packages/jupyter_contrib_nbextensions/nbextensions/toc2/demo_dark.png -> /usr/local/share/jupyter/nbextensions/toc2/demo_dark.png
#17 1.819 [I 23:36:35 InstallContribNbextensionsApp] - Validating: [32mOK[0m
#17 1.819 [I 23:36:35 InstallContribNbextensionsApp] Installing /usr/local/lib/python3.8/dist-packages/jupyter_contrib_nbextensions/nbextensions/hide_input_all -> hide_input_all
#17 1.819 [I 23:36:35 InstallContribNbextensionsApp] Making directory: /usr/local/share/jupyter/nbextensions/hide_input_all/
#17 1.819 [I 23:36:35 InstallContribNbextensionsApp] Copying: /usr/local/lib/python3.8/dist-packages/jupyter_contrib_nbextensions/nbextensions/hide_input_all/readme.md -> /usr/local/share/jupyter/nbextensions/hide_input_all/readme.md
#17 1.820 [I 23:36:35 InstallContribNbextensionsApp] Copying: /usr/local/lib/python3.8/dist-packages/jupyter_contrib_nbextensions/nbextensions/hide_input_all/hide_input_all_show.png -> /usr/local/share/jupyter/nbextensions/hide_input_all/hide_input_all_show.png
#17 1.820 [I 23:36:35 InstallContribNbextensionsApp] Copying: /usr/local/lib/python3.8/dist-packages/jupyter_contrib_nbextensions/nbextensions/hide_input_all/hide_input_all_hide.png -> /usr/local/share/jupyter/nbextensions/hide_input_all/hide_input_all_hide.png
#17 1.821 [I 23:36:35 InstallContribNbextensionsApp] Copying: /usr/local/lib/python3.8/dist-packages/jupyter_contrib_nbextensions/nbextensions/hide_input_all/hide_input_all.yaml -> /usr/local/share/jupyter/nbextensions/hide_input_all/hide_input_all.yaml
#17 1.821 [I 23:36:35 InstallContribNbextensionsApp] Copying: /usr/local/lib/python3.8/dist-packages/jupyter_contrib_nbextensions/nbextensions/hide_input_all/icon.png -> /usr/local/share/jupyter/nbextensions/hide_input_all/icon.png
#17 1.821 [I 23:36:35 InstallContribNbextensionsApp] Copying: /usr/local/lib/python3.8/dist-packages/jupyter_contrib_nbextensions/nbextensions/hide_input_all/main.js -> /usr/local/share/jupyter/nbextensions/hide_input_all/main.js
#17 1.822 [I 23:36:35 InstallContribNbextensionsApp] - Validating: [32mOK[0m
#17 1.822 [I 23:36:35 InstallContribNbextensionsApp] Installing /usr/local/lib/python3.8/dist-packages/jupyter_contrib_nbextensions/nbextensions/addbefore -> addbefore
#17 1.822 [I 23:36:35 InstallContribNbextensionsApp] Making directory: /usr/local/share/jupyter/nbextensions/addbefore/
#17 1.822 [I 23:36:35 InstallContribNbextensionsApp] Copying: /usr/local/lib/python3.8/dist-packages/jupyter_contrib_nbextensions/nbextensions/addbefore/readme.md -> /usr/local/share/jupyter/nbextensions/addbefore/readme.md
#17 1.823 [I 23:36:35 InstallContribNbextensionsApp] Copying: /usr/local/lib/python3.8/dist-packages/jupyter_contrib_nbextensions/nbextensions/addbefore/addbefore.yaml -> /usr/local/share/jupyter/nbextensions/addbefore/addbefore.yaml
#17 1.823 [I 23:36:35 InstallContribNbextensionsApp] Copying: /usr/local/lib/python3.8/dist-packages/jupyter_contrib_nbextensions/nbextensions/addbefore/icon.png -> /usr/local/share/jupyter/nbextensions/addbefore/icon.png
#17 1.823 [I 23:36:35 InstallContribNbextensionsApp] Copying: /usr/local/lib/python3.8/dist-packages/jupyter_contrib_nbextensions/nbextensions/addbefore/main.js -> /usr/local/share/jupyter/nbextensions/addbefore/main.js
#17 1.823 [I 23:36:35 InstallContribNbextensionsApp] - Validating: [32mOK[0m
#17 1.824 [I 23:36:35 InstallContribNbextensionsApp] Installing /usr/local/lib/python3.8/dist-packages/jupyter_contrib_nbextensions/nbextensions/select_keymap -> select_keymap
#17 1.824 [I 23:36:35 InstallContribNbextensionsApp] Making directory: /usr/local/share/jupyter/nbextensions/select_keymap/
#17 1.824 [I 23:36:35 InstallContribNbextensionsApp] Copying: /usr/local/lib/python3.8/dist-packages/jupyter_contrib_nbextensions/nbextensions/select_keymap/select_keymap.yaml -> /usr/local/share/jupyter/nbextensions/select_keymap/select_keymap.yaml
#17 1.824 [I 23:36:35 InstallContribNbextensionsApp] Copying: /usr/local/lib/python3.8/dist-packages/jupyter_contrib_nbextensions/nbextensions/select_keymap/main.js -> /usr/local/share/jupyter/nbextensions/select_keymap/main.js
#17 1.825 [I 23:36:35 InstallContribNbextensionsApp] Copying: /usr/local/lib/python3.8/dist-packages/jupyter_contrib_nbextensions/nbextensions/select_keymap/README.md -> /usr/local/share/jupyter/nbextensions/select_keymap/README.md
#17 1.825 [I 23:36:35 InstallContribNbextensionsApp] Copying: /usr/local/lib/python3.8/dist-packages/jupyter_contrib_nbextensions/nbextensions/select_keymap/select_keymap.png -> /usr/local/share/jupyter/nbextensions/select_keymap/select_keymap.png
#17 1.826 [I 23:36:35 InstallContribNbextensionsApp] - Validating: [32mOK[0m
#17 1.826 [I 23:36:35 InstallContribNbextensionsApp] Installing /usr/local/lib/python3.8/dist-packages/jupyter_contrib_nbextensions/nbextensions/export_embedded -> export_embedded
#17 1.826 [I 23:36:35 InstallContribNbextensionsApp] Making directory: /usr/local/share/jupyter/nbextensions/export_embedded/
#17 1.826 [I 23:36:35 InstallContribNbextensionsApp] Copying: /usr/local/lib/python3.8/dist-packages/jupyter_contrib_nbextensions/nbextensions/export_embedded/readme.md -> /usr/local/share/jupyter/nbextensions/export_embedded/readme.md
#17 1.827 [I 23:36:35 InstallContribNbextensionsApp] Copying: /usr/local/lib/python3.8/dist-packages/jupyter_contrib_nbextensions/nbextensions/export_embedded/icon.png -> /usr/local/share/jupyter/nbextensions/export_embedded/icon.png
#17 1.827 [I 23:36:35 InstallContribNbextensionsApp] Copying: /usr/local/lib/python3.8/dist-packages/jupyter_contrib_nbextensions/nbextensions/export_embedded/export_embedded.yaml -> /usr/local/share/jupyter/nbextensions/export_embedded/export_embedded.yaml
#17 1.827 [I 23:36:35 InstallContribNbextensionsApp] Copying: /usr/local/lib/python3.8/dist-packages/jupyter_contrib_nbextensions/nbextensions/export_embedded/main.js -> /usr/local/share/jupyter/nbextensions/export_embedded/main.js
#17 1.828 [I 23:36:35 InstallContribNbextensionsApp] - Validating: [32mOK[0m
#17 1.828 [I 23:36:35 InstallContribNbextensionsApp] Installing /usr/local/lib/python3.8/dist-packages/jupyter_contrib_nbextensions/nbextensions/table_beautifier -> table_beautifier
#17 1.828 [I 23:36:35 InstallContribNbextensionsApp] Making directory: /usr/local/share/jupyter/nbextensions/table_beautifier/
#17 1.828 [I 23:36:35 InstallContribNbextensionsApp] Copying: /usr/local/lib/python3.8/dist-packages/jupyter_contrib_nbextensions/nbextensions/table_beautifier/main.css -> /usr/local/share/jupyter/nbextensions/table_beautifier/main.css
#17 1.829 [I 23:36:35 InstallContribNbextensionsApp] Copying: /usr/local/lib/python3.8/dist-packages/jupyter_contrib_nbextensions/nbextensions/table_beautifier/table_beautifier.yaml -> /usr/local/share/jupyter/nbextensions/table_beautifier/table_beautifier.yaml
#17 1.829 [I 23:36:35 InstallContribNbextensionsApp] Copying: /usr/local/lib/python3.8/dist-packages/jupyter_contrib_nbextensions/nbextensions/table_beautifier/main.js -> /usr/local/share/jupyter/nbextensions/table_beautifier/main.js
#17 1.829 [I 23:36:35 InstallContribNbextensionsApp] Copying: /usr/local/lib/python3.8/dist-packages/jupyter_contrib_nbextensions/nbextensions/table_beautifier/README.md -> /usr/local/share/jupyter/nbextensions/table_beautifier/README.md
#17 1.830 [I 23:36:35 InstallContribNbextensionsApp] - Validating: [32mOK[0m
#17 1.830 [I 23:36:35 InstallContribNbextensionsApp] Installing /usr/local/lib/python3.8/dist-packages/jupyter_contrib_nbextensions/nbextensions/freeze -> freeze
#17 1.830 [I 23:36:35 InstallContribNbextensionsApp] Making directory: /usr/local/share/jupyter/nbextensions/freeze/
#17 1.830 [I 23:36:35 InstallContribNbextensionsApp] Copying: /usr/local/lib/python3.8/dist-packages/jupyter_contrib_nbextensions/nbextensions/freeze/readme.md -> /usr/local/share/jupyter/nbextensions/freeze/readme.md
#17 1.831 [I 23:36:35 InstallContribNbextensionsApp] Copying: /usr/local/lib/python3.8/dist-packages/jupyter_contrib_nbextensions/nbextensions/freeze/config.yaml -> /usr/local/share/jupyter/nbextensions/freeze/config.yaml
#17 1.831 [I 23:36:35 InstallContribNbextensionsApp] Copying: /usr/local/lib/python3.8/dist-packages/jupyter_contrib_nbextensions/nbextensions/freeze/icon.png -> /usr/local/share/jupyter/nbextensions/freeze/icon.png
#17 1.831 [I 23:36:35 InstallContribNbextensionsApp] Copying: /usr/local/lib/python3.8/dist-packages/jupyter_contrib_nbextensions/nbextensions/freeze/main.js -> /usr/local/share/jupyter/nbextensions/freeze/main.js
#17 1.832 [I 23:36:35 InstallContribNbextensionsApp] - Validating: [32mOK[0m
#17 1.832 [I 23:36:35 InstallContribNbextensionsApp] Installing /usr/local/lib/python3.8/dist-packages/jupyter_contrib_nbextensions/nbextensions/exercise2 -> exercise2
#17 1.832 [I 23:36:35 InstallContribNbextensionsApp] Making directory: /usr/local/share/jupyter/nbextensions/exercise2/
#17 1.832 [I 23:36:35 InstallContribNbextensionsApp] Copying: /usr/local/lib/python3.8/dist-packages/jupyter_contrib_nbextensions/nbextensions/exercise2/main.css -> /usr/local/share/jupyter/nbextensions/exercise2/main.css
#17 1.833 [I 23:36:35 InstallContribNbextensionsApp] Copying: /usr/local/lib/python3.8/dist-packages/jupyter_contrib_nbextensions/nbextensions/exercise2/readme.md -> /usr/local/share/jupyter/nbextensions/exercise2/readme.md
#17 1.833 [I 23:36:35 InstallContribNbextensionsApp] Copying: /usr/local/lib/python3.8/dist-packages/jupyter_contrib_nbextensions/nbextensions/exercise2/exercise2.yaml -> /usr/local/share/jupyter/nbextensions/exercise2/exercise2.yaml
#17 1.833 [I 23:36:35 InstallContribNbextensionsApp] Copying: /usr/local/lib/python3.8/dist-packages/jupyter_contrib_nbextensions/nbextensions/exercise2/icon.png -> /usr/local/share/jupyter/nbextensions/exercise2/icon.png
#17 1.834 [I 23:36:35 InstallContribNbextensionsApp] Copying: /usr/local/lib/python3.8/dist-packages/jupyter_contrib_nbextensions/nbextensions/exercise2/image.gif -> /usr/local/share/jupyter/nbextensions/exercise2/image.gif
#17 1.835 [I 23:36:35 InstallContribNbextensionsApp] Copying: /usr/local/lib/python3.8/dist-packages/jupyter_contrib_nbextensions/nbextensions/exercise2/main.js -> /usr/local/share/jupyter/nbextensions/exercise2/main.js
#17 1.835 [I 23:36:35 InstallContribNbextensionsApp] - Validating: [32mOK[0m
#17 1.836 [I 23:36:35 InstallContribNbextensionsApp] Installing /usr/local/lib/python3.8/dist-packages/jupyter_contrib_nbextensions/nbextensions/printview -> printview
#17 1.836 [I 23:36:35 InstallContribNbextensionsApp] Making directory: /usr/local/share/jupyter/nbextensions/printview/
#17 1.836 [I 23:36:35 InstallContribNbextensionsApp] Copying: /usr/local/lib/python3.8/dist-packages/jupyter_contrib_nbextensions/nbextensions/printview/readme.md -> /usr/local/share/jupyter/nbextensions/printview/readme.md
#17 1.836 [I 23:36:35 InstallContribNbextensionsApp] Copying: /usr/local/lib/python3.8/dist-packages/jupyter_contrib_nbextensions/nbextensions/printview/printview-button.png -> /usr/local/share/jupyter/nbextensions/printview/printview-button.png
#17 1.837 [I 23:36:35 InstallContribNbextensionsApp] Copying: /usr/local/lib/python3.8/dist-packages/jupyter_contrib_nbextensions/nbextensions/printview/printview.yaml -> /usr/local/share/jupyter/nbextensions/printview/printview.yaml
#17 1.837 [I 23:36:35 InstallContribNbextensionsApp] Copying: /usr/local/lib/python3.8/dist-packages/jupyter_contrib_nbextensions/nbextensions/printview/icon.png -> /usr/local/share/jupyter/nbextensions/printview/icon.png
#17 1.837 [I 23:36:35 InstallContribNbextensionsApp] Copying: /usr/local/lib/python3.8/dist-packages/jupyter_contrib_nbextensions/nbextensions/printview/main.js -> /usr/local/share/jupyter/nbextensions/printview/main.js
#17 1.838 [I 23:36:35 InstallContribNbextensionsApp] - Validating: [32mOK[0m
#17 1.838 [I 23:36:35 InstallContribNbextensionsApp] Installing /usr/local/lib/python3.8/dist-packages/jupyter_contrib_nbextensions/nbextensions/skip-traceback -> skip-traceback
#17 1.838 [I 23:36:35 InstallContribNbextensionsApp] Making directory: /usr/local/share/jupyter/nbextensions/skip-traceback/
#17 1.838 [I 23:36:35 InstallContribNbextensionsApp] Copying: /usr/local/lib/python3.8/dist-packages/jupyter_contrib_nbextensions/nbextensions/skip-traceback/skip-traceback.png -> /usr/local/share/jupyter/nbextensions/skip-traceback/skip-traceback.png
#17 1.839 [I 23:36:35 InstallContribNbextensionsApp] Copying: /usr/local/lib/python3.8/dist-packages/jupyter_contrib_nbextensions/nbextensions/skip-traceback/readme.md -> /usr/local/share/jupyter/nbextensions/skip-traceback/readme.md
#17 1.839 [I 23:36:35 InstallContribNbextensionsApp] Copying: /usr/local/lib/python3.8/dist-packages/jupyter_contrib_nbextensions/nbextensions/skip-traceback/icon.png -> /usr/local/share/jupyter/nbextensions/skip-traceback/icon.png
#17 1.840 [I 23:36:35 InstallContribNbextensionsApp] Copying: /usr/local/lib/python3.8/dist-packages/jupyter_contrib_nbextensions/nbextensions/skip-traceback/main.js -> /usr/local/share/jupyter/nbextensions/skip-traceback/main.js
#17 1.840 [I 23:36:35 InstallContribNbextensionsApp] Copying: /usr/local/lib/python3.8/dist-packages/jupyter_contrib_nbextensions/nbextensions/skip-traceback/skip-traceback.yaml -> /usr/local/share/jupyter/nbextensions/skip-traceback/skip-traceback.yaml
#17 1.840 [I 23:36:35 InstallContribNbextensionsApp] Copying: /usr/local/lib/python3.8/dist-packages/jupyter_contrib_nbextensions/nbextensions/skip-traceback/traceback.png -> /usr/local/share/jupyter/nbextensions/skip-traceback/traceback.png
#17 1.841 [I 23:36:35 InstallContribNbextensionsApp] - Validating: [32mOK[0m
#17 1.841 [I 23:36:35 InstallContribNbextensionsApp] Installing /usr/local/lib/python3.8/dist-packages/jupyter_contrib_nbextensions/nbextensions/skill -> skill
#17 1.841 [I 23:36:35 InstallContribNbextensionsApp] Making directory: /usr/local/share/jupyter/nbextensions/skill/
#17 1.841 [I 23:36:35 InstallContribNbextensionsApp] Copying: /usr/local/lib/python3.8/dist-packages/jupyter_contrib_nbextensions/nbextensions/skill/skill.yaml -> /usr/local/share/jupyter/nbextensions/skill/skill.yaml
#17 1.841 [I 23:36:35 InstallContribNbextensionsApp] Copying: /usr/local/lib/python3.8/dist-packages/jupyter_contrib_nbextensions/nbextensions/skill/main.js -> /usr/local/share/jupyter/nbextensions/skill/main.js
#17 1.842 [I 23:36:35 InstallContribNbextensionsApp] Copying: /usr/local/lib/python3.8/dist-packages/jupyter_contrib_nbextensions/nbextensions/skill/skill.js -> /usr/local/share/jupyter/nbextensions/skill/skill.js
#17 1.843 [I 23:36:35 InstallContribNbextensionsApp] Copying: /usr/local/lib/python3.8/dist-packages/jupyter_contrib_nbextensions/nbextensions/skill/README.md -> /usr/local/share/jupyter/nbextensions/skill/README.md
#17 1.843 [I 23:36:35 InstallContribNbextensionsApp] - Validating: [32mOK[0m
#17 1.843 [I 23:36:35 InstallContribNbextensionsApp] Installing /usr/local/lib/python3.8/dist-packages/jupyter_contrib_nbextensions/nbextensions/codemirror_mode_extensions -> codemirror_mode_extensions
#17 1.843 [I 23:36:35 InstallContribNbextensionsApp] Making directory: /usr/local/share/jupyter/nbextensions/codemirror_mode_extensions/
#17 1.843 [I 23:36:35 InstallContribNbextensionsApp] Copying: /usr/local/lib/python3.8/dist-packages/jupyter_contrib_nbextensions/nbextensions/codemirror_mode_extensions/codemirror_mode_extensions.yaml -> /usr/local/share/jupyter/nbextensions/codemirror_mode_extensions/codemirror_mode_extensions.yaml
#17 1.844 [I 23:36:35 InstallContribNbextensionsApp] Copying: /usr/local/lib/python3.8/dist-packages/jupyter_contrib_nbextensions/nbextensions/codemirror_mode_extensions/main.js -> /usr/local/share/jupyter/nbextensions/codemirror_mode_extensions/main.js
#17 1.844 [I 23:36:35 InstallContribNbextensionsApp] - Validating: [32mOK[0m
#17 1.844 [I 23:36:35 InstallContribNbextensionsApp] Installing /usr/local/lib/python3.8/dist-packages/jupyter_contrib_nbextensions/nbextensions/execute_time -> execute_time
#17 1.844 [I 23:36:35 InstallContribNbextensionsApp] Making directory: /usr/local/share/jupyter/nbextensions/execute_time/
#17 1.845 [I 23:36:35 InstallContribNbextensionsApp] Copying: /usr/local/lib/python3.8/dist-packages/jupyter_contrib_nbextensions/nbextensions/execute_time/readme.md -> /usr/local/share/jupyter/nbextensions/execute_time/readme.md
#17 1.845 [I 23:36:35 InstallContribNbextensionsApp] Copying: /usr/local/lib/python3.8/dist-packages/jupyter_contrib_nbextensions/nbextensions/execute_time/ExecuteTime.yaml -> /usr/local/share/jupyter/nbextensions/execute_time/ExecuteTime.yaml
#17 1.845 [I 23:36:35 InstallContribNbextensionsApp] Copying: /usr/local/lib/python3.8/dist-packages/jupyter_contrib_nbextensions/nbextensions/execute_time/ExecuteTime.js -> /usr/local/share/jupyter/nbextensions/execute_time/ExecuteTime.js
#17 1.846 [I 23:36:35 InstallContribNbextensionsApp] Copying: /usr/local/lib/python3.8/dist-packages/jupyter_contrib_nbextensions/nbextensions/execute_time/icon.png -> /usr/local/share/jupyter/nbextensions/execute_time/icon.png
#17 1.846 [I 23:36:35 InstallContribNbextensionsApp] Copying: /usr/local/lib/python3.8/dist-packages/jupyter_contrib_nbextensions/nbextensions/execute_time/execution-timings-menu.png -> /usr/local/share/jupyter/nbextensions/execute_time/execution-timings-menu.png
#17 1.847 [I 23:36:35 InstallContribNbextensionsApp] Copying: /usr/local/lib/python3.8/dist-packages/jupyter_contrib_nbextensions/nbextensions/execute_time/execution-timings-box.png -> /usr/local/share/jupyter/nbextensions/execute_time/execution-timings-box.png
#17 1.848 [I 23:36:35 InstallContribNbextensionsApp] Copying: /usr/local/lib/python3.8/dist-packages/jupyter_contrib_nbextensions/nbextensions/execute_time/ExecuteTime.css -> /usr/local/share/jupyter/nbextensions/execute_time/ExecuteTime.css
#17 1.848 [I 23:36:35 InstallContribNbextensionsApp] - Validating: [32mOK[0m
#17 1.848 [I 23:36:35 InstallContribNbextensionsApp] Installing /usr/local/lib/python3.8/dist-packages/jupyter_contrib_nbextensions/nbextensions/spellchecker -> spellchecker
#17 1.848 [I 23:36:35 InstallContribNbextensionsApp] Making directory: /usr/local/share/jupyter/nbextensions/spellchecker/
#17 1.848 [I 23:36:35 InstallContribNbextensionsApp] Copying: /usr/local/lib/python3.8/dist-packages/jupyter_contrib_nbextensions/nbextensions/spellchecker/main.css -> /usr/local/share/jupyter/nbextensions/spellchecker/main.css
#17 1.849 [I 23:36:35 InstallContribNbextensionsApp] Copying: /usr/local/lib/python3.8/dist-packages/jupyter_contrib_nbextensions/nbextensions/spellchecker/download_new_dict.py -> /usr/local/share/jupyter/nbextensions/spellchecker/download_new_dict.py
#17 1.849 [I 23:36:35 InstallContribNbextensionsApp] Copying: /usr/local/lib/python3.8/dist-packages/jupyter_contrib_nbextensions/nbextensions/spellchecker/config.yaml -> /usr/local/share/jupyter/nbextensions/spellchecker/config.yaml
#17 1.849 [I 23:36:35 InstallContribNbextensionsApp] Copying: /usr/local/lib/python3.8/dist-packages/jupyter_contrib_nbextensions/nbextensions/spellchecker/screenshot.png -> /usr/local/share/jupyter/nbextensions/spellchecker/screenshot.png
#17 1.850 [I 23:36:35 InstallContribNbextensionsApp] Copying: /usr/local/lib/python3.8/dist-packages/jupyter_contrib_nbextensions/nbextensions/spellchecker/main.js -> /usr/local/share/jupyter/nbextensions/spellchecker/main.js
#17 1.850 [I 23:36:35 InstallContribNbextensionsApp] Copying: /usr/local/lib/python3.8/dist-packages/jupyter_contrib_nbextensions/nbextensions/spellchecker/README.md -> /usr/local/share/jupyter/nbextensions/spellchecker/README.md
#17 1.851 [I 23:36:35 InstallContribNbextensionsApp] Making directory: /usr/local/share/jupyter/nbextensions/spellchecker/typo
#17 1.851 [I 23:36:35 InstallContribNbextensionsApp] Copying: /usr/local/lib/python3.8/dist-packages/jupyter_contrib_nbextensions/nbextensions/spellchecker/typo/LICENSE.txt -> /usr/local/share/jupyter/nbextensions/spellchecker/typo/LICENSE.txt
#17 1.851 [I 23:36:35 InstallContribNbextensionsApp] Copying: /usr/local/lib/python3.8/dist-packages/jupyter_contrib_nbextensions/nbextensions/spellchecker/typo/typo.js -> /usr/local/share/jupyter/nbextensions/spellchecker/typo/typo.js
#17 1.852 [I 23:36:35 InstallContribNbextensionsApp] Making directory: /usr/local/share/jupyter/nbextensions/spellchecker/__pycache__
#17 1.852 [I 23:36:35 InstallContribNbextensionsApp] Copying: /usr/local/lib/python3.8/dist-packages/jupyter_contrib_nbextensions/nbextensions/spellchecker/__pycache__/download_new_dict.cpython-38.pyc -> /usr/local/share/jupyter/nbextensions/spellchecker/__pycache__/download_new_dict.cpython-38.pyc
#17 1.852 [I 23:36:35 InstallContribNbextensionsApp] - Validating: [32mOK[0m
#17 1.852 [I 23:36:35 InstallContribNbextensionsApp] Installing /usr/local/lib/python3.8/dist-packages/jupyter_contrib_nbextensions/nbextensions/toggle_all_line_numbers -> toggle_all_line_numbers
#17 1.853 [I 23:36:35 InstallContribNbextensionsApp] Making directory: /usr/local/share/jupyter/nbextensions/toggle_all_line_numbers/
#17 1.853 [I 23:36:35 InstallContribNbextensionsApp] Copying: /usr/local/lib/python3.8/dist-packages/jupyter_contrib_nbextensions/nbextensions/toggle_all_line_numbers/main.yaml -> /usr/local/share/jupyter/nbextensions/toggle_all_line_numbers/main.yaml
#17 1.853 [I 23:36:35 InstallContribNbextensionsApp] Copying: /usr/local/lib/python3.8/dist-packages/jupyter_contrib_nbextensions/nbextensions/toggle_all_line_numbers/readme.md -> /usr/local/share/jupyter/nbextensions/toggle_all_line_numbers/readme.md
#17 1.853 [I 23:36:35 InstallContribNbextensionsApp] Copying: /usr/local/lib/python3.8/dist-packages/jupyter_contrib_nbextensions/nbextensions/toggle_all_line_numbers/icon.png -> /usr/local/share/jupyter/nbextensions/toggle_all_line_numbers/icon.png
#17 1.854 [I 23:36:35 InstallContribNbextensionsApp] Copying: /usr/local/lib/python3.8/dist-packages/jupyter_contrib_nbextensions/nbextensions/toggle_all_line_numbers/main.js -> /usr/local/share/jupyter/nbextensions/toggle_all_line_numbers/main.js
#17 1.854 [I 23:36:35 InstallContribNbextensionsApp] - Validating: [32mOK[0m
#17 1.854 [I 23:36:35 InstallContribNbextensionsApp] Installing /usr/local/lib/python3.8/dist-packages/jupyter_contrib_nbextensions/nbextensions/go_to_current_running_cell -> go_to_current_running_cell
#17 1.854 [I 23:36:35 InstallContribNbextensionsApp] Making directory: /usr/local/share/jupyter/nbextensions/go_to_current_running_cell/
#17 1.855 [I 23:36:35 InstallContribNbextensionsApp] Copying: /usr/local/lib/python3.8/dist-packages/jupyter_contrib_nbextensions/nbextensions/go_to_current_running_cell/jump_to_cell.gif -> /usr/local/share/jupyter/nbextensions/go_to_current_running_cell/jump_to_cell.gif
#17 1.857 [I 23:36:35 InstallContribNbextensionsApp] Copying: /usr/local/lib/python3.8/dist-packages/jupyter_contrib_nbextensions/nbextensions/go_to_current_running_cell/eye.png -> /usr/local/share/jupyter/nbextensions/go_to_current_running_cell/eye.png
#17 1.857 [I 23:36:35 InstallContribNbextensionsApp] Copying: /usr/local/lib/python3.8/dist-packages/jupyter_contrib_nbextensions/nbextensions/go_to_current_running_cell/anchor.png -> /usr/local/share/jupyter/nbextensions/go_to_current_running_cell/anchor.png
#17 1.858 [I 23:36:35 InstallContribNbextensionsApp] Copying: /usr/local/lib/python3.8/dist-packages/jupyter_contrib_nbextensions/nbextensions/go_to_current_running_cell/auto_focus.gif -> /usr/local/share/jupyter/nbextensions/go_to_current_running_cell/auto_focus.gif
#17 1.862 [I 23:36:35 InstallContribNbextensionsApp] Copying: /usr/local/lib/python3.8/dist-packages/jupyter_contrib_nbextensions/nbextensions/go_to_current_running_cell/go_to_current_running_cell.yaml -> /usr/local/share/jupyter/nbextensions/go_to_current_running_cell/go_to_current_running_cell.yaml
#17 1.862 [I 23:36:35 InstallContribNbextensionsApp] Copying: /usr/local/lib/python3.8/dist-packages/jupyter_contrib_nbextensions/nbextensions/go_to_current_running_cell/main.js -> /usr/local/share/jupyter/nbextensions/go_to_current_running_cell/main.js
#17 1.863 [I 23:36:35 InstallContribNbextensionsApp] Copying: /usr/local/lib/python3.8/dist-packages/jupyter_contrib_nbextensions/nbextensions/go_to_current_running_cell/README.md -> /usr/local/share/jupyter/nbextensions/go_to_current_running_cell/README.md
#17 1.863 [I 23:36:35 InstallContribNbextensionsApp] - Validating: [32mOK[0m
#17 1.863 [I 23:36:35 InstallContribNbextensionsApp] Installing /usr/local/lib/python3.8/dist-packages/jupyter_contrib_nbextensions/nbextensions/notify -> notify
#17 1.863 [I 23:36:35 InstallContribNbextensionsApp] Making directory: /usr/local/share/jupyter/nbextensions/notify/
#17 1.863 [I 23:36:35 InstallContribNbextensionsApp] Copying: /usr/local/lib/python3.8/dist-packages/jupyter_contrib_nbextensions/nbextensions/notify/readme.md -> /usr/local/share/jupyter/nbextensions/notify/readme.md
#17 1.864 [I 23:36:35 InstallContribNbextensionsApp] Copying: /usr/local/lib/python3.8/dist-packages/jupyter_contrib_nbextensions/nbextensions/notify/notify.mp3 -> /usr/local/share/jupyter/nbextensions/notify/notify.mp3
#17 1.864 [I 23:36:35 InstallContribNbextensionsApp] Copying: /usr/local/lib/python3.8/dist-packages/jupyter_contrib_nbextensions/nbextensions/notify/notify.yaml -> /usr/local/share/jupyter/nbextensions/notify/notify.yaml
#17 1.864 [I 23:36:35 InstallContribNbextensionsApp] Copying: /usr/local/lib/python3.8/dist-packages/jupyter_contrib_nbextensions/nbextensions/notify/notification.png -> /usr/local/share/jupyter/nbextensions/notify/notification.png
#17 1.865 [I 23:36:35 InstallContribNbextensionsApp] Copying: /usr/local/lib/python3.8/dist-packages/jupyter_contrib_nbextensions/nbextensions/notify/notify.js -> /usr/local/share/jupyter/nbextensions/notify/notify.js
#17 1.865 [I 23:36:35 InstallContribNbextensionsApp] - Validating: [32mOK[0m
#17 1.865 [I 23:36:35 InstallContribNbextensionsApp] Installing /usr/local/lib/python3.8/dist-packages/jupyter_contrib_nbextensions/nbextensions/hinterland -> hinterland
#17 1.865 [I 23:36:35 InstallContribNbextensionsApp] Making directory: /usr/local/share/jupyter/nbextensions/hinterland/
#17 1.866 [I 23:36:35 InstallContribNbextensionsApp] Copying: /usr/local/lib/python3.8/dist-packages/jupyter_contrib_nbextensions/nbextensions/hinterland/hinterland.js -> /usr/local/share/jupyter/nbextensions/hinterland/hinterland.js
#17 1.866 [I 23:36:35 InstallContribNbextensionsApp] Copying: /usr/local/lib/python3.8/dist-packages/jupyter_contrib_nbextensions/nbextensions/hinterland/hinterland.yaml -> /usr/local/share/jupyter/nbextensions/hinterland/hinterland.yaml
#17 1.866 [I 23:36:35 InstallContribNbextensionsApp] Copying: /usr/local/lib/python3.8/dist-packages/jupyter_contrib_nbextensions/nbextensions/hinterland/README.md -> /usr/local/share/jupyter/nbextensions/hinterland/README.md
#17 1.867 [I 23:36:35 InstallContribNbextensionsApp] - Validating: [32mOK[0m
#17 1.867 [I 23:36:35 InstallContribNbextensionsApp] Installing /usr/local/lib/python3.8/dist-packages/jupyter_contrib_nbextensions/nbextensions/tree-filter -> tree-filter
#17 1.867 [I 23:36:35 InstallContribNbextensionsApp] Making directory: /usr/local/share/jupyter/nbextensions/tree-filter/
#17 1.867 [I 23:36:35 InstallContribNbextensionsApp] Copying: /usr/local/lib/python3.8/dist-packages/jupyter_contrib_nbextensions/nbextensions/tree-filter/tree-filter.yaml -> /usr/local/share/jupyter/nbextensions/tree-filter/tree-filter.yaml
#17 1.868 [I 23:36:35 InstallContribNbextensionsApp] Copying: /usr/local/lib/python3.8/dist-packages/jupyter_contrib_nbextensions/nbextensions/tree-filter/readme.md -> /usr/local/share/jupyter/nbextensions/tree-filter/readme.md
#17 1.868 [I 23:36:35 InstallContribNbextensionsApp] Copying: /usr/local/lib/python3.8/dist-packages/jupyter_contrib_nbextensions/nbextensions/tree-filter/index.js -> /usr/local/share/jupyter/nbextensions/tree-filter/index.js
#17 1.868 [I 23:36:35 InstallContribNbextensionsApp] Copying: /usr/local/lib/python3.8/dist-packages/jupyter_contrib_nbextensions/nbextensions/tree-filter/demo.gif -> /usr/local/share/jupyter/nbextensions/tree-filter/demo.gif
#17 1.869 [I 23:36:35 InstallContribNbextensionsApp] - Validating: [32mOK[0m
#17 1.869 [I 23:36:35 InstallContribNbextensionsApp] Installing /usr/local/lib/python3.8/dist-packages/jupyter_contrib_nbextensions/nbextensions/zenmode -> zenmode
#17 1.869 [I 23:36:35 InstallContribNbextensionsApp] Making directory: /usr/local/share/jupyter/nbextensions/zenmode/
#17 1.870 [I 23:36:35 InstallContribNbextensionsApp] Copying: /usr/local/lib/python3.8/dist-packages/jupyter_contrib_nbextensions/nbextensions/zenmode/main.css -> /usr/local/share/jupyter/nbextensions/zenmode/main.css
#17 1.870 [I 23:36:35 InstallContribNbextensionsApp] Copying: /usr/local/lib/python3.8/dist-packages/jupyter_contrib_nbextensions/nbextensions/zenmode/zenmode.yaml -> /usr/local/share/jupyter/nbextensions/zenmode/zenmode.yaml
#17 1.870 [I 23:36:35 InstallContribNbextensionsApp] Copying: /usr/local/lib/python3.8/dist-packages/jupyter_contrib_nbextensions/nbextensions/zenmode/main.js -> /usr/local/share/jupyter/nbextensions/zenmode/main.js
#17 1.871 [I 23:36:35 InstallContribNbextensionsApp] Copying: /usr/local/lib/python3.8/dist-packages/jupyter_contrib_nbextensions/nbextensions/zenmode/README.md -> /usr/local/share/jupyter/nbextensions/zenmode/README.md
#17 1.871 [I 23:36:35 InstallContribNbextensionsApp] Making directory: /usr/local/share/jupyter/nbextensions/zenmode/images
#17 1.871 [I 23:36:35 InstallContribNbextensionsApp] Copying: /usr/local/lib/python3.8/dist-packages/jupyter_contrib_nbextensions/nbextensions/zenmode/images/back21.jpg -> /usr/local/share/jupyter/nbextensions/zenmode/images/back21.jpg
#17 1.873 [I 23:36:35 InstallContribNbextensionsApp] Copying: /usr/local/lib/python3.8/dist-packages/jupyter_contrib_nbextensions/nbextensions/zenmode/images/ipynblogo0.png -> /usr/local/share/jupyter/nbextensions/zenmode/images/ipynblogo0.png
#17 1.873 [I 23:36:35 InstallContribNbextensionsApp] Copying: /usr/local/lib/python3.8/dist-packages/jupyter_contrib_nbextensions/nbextensions/zenmode/images/back12.jpg -> /usr/local/share/jupyter/nbextensions/zenmode/images/back12.jpg
#17 1.875 [I 23:36:35 InstallContribNbextensionsApp] Copying: /usr/local/lib/python3.8/dist-packages/jupyter_contrib_nbextensions/nbextensions/zenmode/images/back1.jpg -> /usr/local/share/jupyter/nbextensions/zenmode/images/back1.jpg
#17 1.876 [I 23:36:35 InstallContribNbextensionsApp] Copying: /usr/local/lib/python3.8/dist-packages/jupyter_contrib_nbextensions/nbextensions/zenmode/images/back3.jpg -> /usr/local/share/jupyter/nbextensions/zenmode/images/back3.jpg
#17 1.877 [I 23:36:35 InstallContribNbextensionsApp] Copying: /usr/local/lib/python3.8/dist-packages/jupyter_contrib_nbextensions/nbextensions/zenmode/images/back11.jpg -> /usr/local/share/jupyter/nbextensions/zenmode/images/back11.jpg
#17 1.878 [I 23:36:35 InstallContribNbextensionsApp] Copying: /usr/local/lib/python3.8/dist-packages/jupyter_contrib_nbextensions/nbextensions/zenmode/images/back22.jpg -> /usr/local/share/jupyter/nbextensions/zenmode/images/back22.jpg
#17 1.879 [I 23:36:35 InstallContribNbextensionsApp] Copying: /usr/local/lib/python3.8/dist-packages/jupyter_contrib_nbextensions/nbextensions/zenmode/images/back2.jpg -> /usr/local/share/jupyter/nbextensions/zenmode/images/back2.jpg
#17 1.880 [I 23:36:35 InstallContribNbextensionsApp] Copying: /usr/local/lib/python3.8/dist-packages/jupyter_contrib_nbextensions/nbextensions/zenmode/images/ipynblogo1.png -> /usr/local/share/jupyter/nbextensions/zenmode/images/ipynblogo1.png
#17 1.881 [I 23:36:35 InstallContribNbextensionsApp] - Validating: [32mOK[0m
#17 1.881 [I 23:36:35 InstallContribNbextensionsApp] Installing /usr/local/lib/python3.8/dist-packages/jupyter_contrib_nbextensions/nbextensions/scroll_down -> scroll_down
#17 1.882 [I 23:36:35 InstallContribNbextensionsApp] Making directory: /usr/local/share/jupyter/nbextensions/scroll_down/
#17 1.882 [I 23:36:35 InstallContribNbextensionsApp] Copying: /usr/local/lib/python3.8/dist-packages/jupyter_contrib_nbextensions/nbextensions/scroll_down/readme.md -> /usr/local/share/jupyter/nbextensions/scroll_down/readme.md
#17 1.882 [I 23:36:35 InstallContribNbextensionsApp] Copying: /usr/local/lib/python3.8/dist-packages/jupyter_contrib_nbextensions/nbextensions/scroll_down/config.yaml -> /usr/local/share/jupyter/nbextensions/scroll_down/config.yaml
#17 1.882 [I 23:36:35 InstallContribNbextensionsApp] Copying: /usr/local/lib/python3.8/dist-packages/jupyter_contrib_nbextensions/nbextensions/scroll_down/icon.png -> /usr/local/share/jupyter/nbextensions/scroll_down/icon.png
#17 1.883 [I 23:36:35 InstallContribNbextensionsApp] Copying: /usr/local/lib/python3.8/dist-packages/jupyter_contrib_nbextensions/nbextensions/scroll_down/main.js -> /usr/local/share/jupyter/nbextensions/scroll_down/main.js
#17 1.883 [I 23:36:35 InstallContribNbextensionsApp] - Validating: [32mOK[0m
#17 1.883 [I 23:36:35 InstallContribNbextensionsApp] Installing /usr/local/lib/python3.8/dist-packages/jupyter_contrib_nbextensions/nbextensions/cell_filter -> cell_filter
#17 1.883 [I 23:36:35 InstallContribNbextensionsApp] Making directory: /usr/local/share/jupyter/nbextensions/cell_filter/
#17 1.884 [I 23:36:35 InstallContribNbextensionsApp] Copying: /usr/local/lib/python3.8/dist-packages/jupyter_contrib_nbextensions/nbextensions/cell_filter/cell_filter.yml -> /usr/local/share/jupyter/nbextensions/cell_filter/cell_filter.yml
#17 1.884 [I 23:36:35 InstallContribNbextensionsApp] Copying: /usr/local/lib/python3.8/dist-packages/jupyter_contrib_nbextensions/nbextensions/cell_filter/cell_filter.js -> /usr/local/share/jupyter/nbextensions/cell_filter/cell_filter.js
#17 1.884 [I 23:36:35 InstallContribNbextensionsApp] Copying: /usr/local/lib/python3.8/dist-packages/jupyter_contrib_nbextensions/nbextensions/cell_filter/README.md -> /usr/local/share/jupyter/nbextensions/cell_filter/README.md
#17 1.885 [I 23:36:35 InstallContribNbextensionsApp] - Validating: [32mOK[0m
#17 1.885 [I 23:36:35 InstallContribNbextensionsApp] Installing /usr/local/lib/python3.8/dist-packages/jupyter_contrib_nbextensions/nbextensions/gist_it -> gist_it
#17 1.885 [I 23:36:35 InstallContribNbextensionsApp] Making directory: /usr/local/share/jupyter/nbextensions/gist_it/
#17 1.885 [I 23:36:35 InstallContribNbextensionsApp] Copying: /usr/local/lib/python3.8/dist-packages/jupyter_contrib_nbextensions/nbextensions/gist_it/readme.md -> /usr/local/share/jupyter/nbextensions/gist_it/readme.md
#17 1.885 [I 23:36:35 InstallContribNbextensionsApp] Copying: /usr/local/lib/python3.8/dist-packages/jupyter_contrib_nbextensions/nbextensions/gist_it/gist_it.yaml -> /usr/local/share/jupyter/nbextensions/gist_it/gist_it.yaml
#17 1.886 [I 23:36:35 InstallContribNbextensionsApp] Copying: /usr/local/lib/python3.8/dist-packages/jupyter_contrib_nbextensions/nbextensions/gist_it/icon.png -> /usr/local/share/jupyter/nbextensions/gist_it/icon.png
#17 1.886 [I 23:36:35 InstallContribNbextensionsApp] Copying: /usr/local/lib/python3.8/dist-packages/jupyter_contrib_nbextensions/nbextensions/gist_it/main.js -> /usr/local/share/jupyter/nbextensions/gist_it/main.js
#17 1.886 [I 23:36:35 InstallContribNbextensionsApp] - Validating: [32mOK[0m
#17 1.886 [I 23:36:35 InstallContribNbextensionsApp] Installing /usr/local/lib/python3.8/dist-packages/jupyter_contrib_nbextensions/nbextensions/highlighter -> highlighter
#17 1.887 [I 23:36:35 InstallContribNbextensionsApp] Making directory: /usr/local/share/jupyter/nbextensions/highlighter/
#17 1.887 [I 23:36:35 InstallContribNbextensionsApp] Copying: /usr/local/lib/python3.8/dist-packages/jupyter_contrib_nbextensions/nbextensions/highlighter/export_highlights.ipynb -> /usr/local/share/jupyter/nbextensions/highlighter/export_highlights.ipynb
#17 1.887 [I 23:36:35 InstallContribNbextensionsApp] Copying: /usr/local/lib/python3.8/dist-packages/jupyter_contrib_nbextensions/nbextensions/highlighter/tst_highlights.pdf -> /usr/local/share/jupyter/nbextensions/highlighter/tst_highlights.pdf
#17 1.888 [I 23:36:35 InstallContribNbextensionsApp] Copying: /usr/local/lib/python3.8/dist-packages/jupyter_contrib_nbextensions/nbextensions/highlighter/highlighter.yaml -> /usr/local/share/jupyter/nbextensions/highlighter/highlighter.yaml
#17 1.889 [I 23:36:35 InstallContribNbextensionsApp] Copying: /usr/local/lib/python3.8/dist-packages/jupyter_contrib_nbextensions/nbextensions/highlighter/readme.md -> /usr/local/share/jupyter/nbextensions/highlighter/readme.md
#17 1.889 [I 23:36:35 InstallContribNbextensionsApp] Copying: /usr/local/lib/python3.8/dist-packages/jupyter_contrib_nbextensions/nbextensions/highlighter/tst_highlights.tex -> /usr/local/share/jupyter/nbextensions/highlighter/tst_highlights.tex
#17 1.889 [I 23:36:35 InstallContribNbextensionsApp] Copying: /usr/local/lib/python3.8/dist-packages/jupyter_contrib_nbextensions/nbextensions/highlighter/demo_highlighter.ipynb -> /usr/local/share/jupyter/nbextensions/highlighter/demo_highlighter.ipynb
#17 1.890 [I 23:36:35 InstallContribNbextensionsApp] Copying: /usr/local/lib/python3.8/dist-packages/jupyter_contrib_nbextensions/nbextensions/highlighter/highlighter.js -> /usr/local/share/jupyter/nbextensions/highlighter/highlighter.js
#17 1.890 [I 23:36:35 InstallContribNbextensionsApp] Copying: /usr/local/lib/python3.8/dist-packages/jupyter_contrib_nbextensions/nbextensions/highlighter/tst_highlights.ipynb -> /usr/local/share/jupyter/nbextensions/highlighter/tst_highlights.ipynb
#17 1.891 [I 23:36:35 InstallContribNbextensionsApp] Copying: /usr/local/lib/python3.8/dist-packages/jupyter_contrib_nbextensions/nbextensions/highlighter/highlighter.css -> /usr/local/share/jupyter/nbextensions/highlighter/highlighter.css
#17 1.891 [I 23:36:35 InstallContribNbextensionsApp] Copying: /usr/local/lib/python3.8/dist-packages/jupyter_contrib_nbextensions/nbextensions/highlighter/demo_highlighter.html -> /usr/local/share/jupyter/nbextensions/highlighter/demo_highlighter.html
#17 1.892 [I 23:36:35 InstallContribNbextensionsApp] Copying: /usr/local/lib/python3.8/dist-packages/jupyter_contrib_nbextensions/nbextensions/highlighter/icon.png -> /usr/local/share/jupyter/nbextensions/highlighter/icon.png
#17 1.893 [I 23:36:35 InstallContribNbextensionsApp] Copying: /usr/local/lib/python3.8/dist-packages/jupyter_contrib_nbextensions/nbextensions/highlighter/export_highlights.tex -> /usr/local/share/jupyter/nbextensions/highlighter/export_highlights.tex
#17 1.893 [I 23:36:35 InstallContribNbextensionsApp] Copying: /usr/local/lib/python3.8/dist-packages/jupyter_contrib_nbextensions/nbextensions/highlighter/image.gif -> /usr/local/share/jupyter/nbextensions/highlighter/image.gif
#17 1.894 [I 23:36:35 InstallContribNbextensionsApp] Copying: /usr/local/lib/python3.8/dist-packages/jupyter_contrib_nbextensions/nbextensions/highlighter/export_highlights.pdf -> /usr/local/share/jupyter/nbextensions/highlighter/export_highlights.pdf
#17 1.895 [I 23:36:35 InstallContribNbextensionsApp] Copying: /usr/local/lib/python3.8/dist-packages/jupyter_contrib_nbextensions/nbextensions/highlighter/export_highlights.html -> /usr/local/share/jupyter/nbextensions/highlighter/export_highlights.html
#17 1.896 [I 23:36:35 InstallContribNbextensionsApp] Copying: /usr/local/lib/python3.8/dist-packages/jupyter_contrib_nbextensions/nbextensions/highlighter/tst_highlights.html -> /usr/local/share/jupyter/nbextensions/highlighter/tst_highlights.html
#17 1.897 [I 23:36:35 InstallContribNbextensionsApp] - Validating: [32mOK[0m
#17 1.897 [I 23:36:35 InstallContribNbextensionsApp] Installing /usr/local/lib/python3.8/dist-packages/jupyter_contrib_nbextensions/nbextensions/varInspector -> varInspector
#17 1.898 [I 23:36:35 InstallContribNbextensionsApp] Making directory: /usr/local/share/jupyter/nbextensions/varInspector/
#17 1.898 [I 23:36:35 InstallContribNbextensionsApp] Copying: /usr/local/lib/python3.8/dist-packages/jupyter_contrib_nbextensions/nbextensions/varInspector/main.css -> /usr/local/share/jupyter/nbextensions/varInspector/main.css
#17 1.898 [I 23:36:35 InstallContribNbextensionsApp] Copying: /usr/local/lib/python3.8/dist-packages/jupyter_contrib_nbextensions/nbextensions/varInspector/varInspector.yaml -> /usr/local/share/jupyter/nbextensions/varInspector/varInspector.yaml
#17 1.899 [I 23:36:35 InstallContribNbextensionsApp] Copying: /usr/local/lib/python3.8/dist-packages/jupyter_contrib_nbextensions/nbextensions/varInspector/demo.gif -> /usr/local/share/jupyter/nbextensions/varInspector/demo.gif
#17 1.900 [I 23:36:35 InstallContribNbextensionsApp] Copying: /usr/local/lib/python3.8/dist-packages/jupyter_contrib_nbextensions/nbextensions/varInspector/var_list.r -> /usr/local/share/jupyter/nbextensions/varInspector/var_list.r
#17 1.901 [I 23:36:35 InstallContribNbextensionsApp] Copying: /usr/local/lib/python3.8/dist-packages/jupyter_contrib_nbextensions/nbextensions/varInspector/icon.png -> /usr/local/share/jupyter/nbextensions/varInspector/icon.png
#17 1.901 [I 23:36:35 InstallContribNbextensionsApp] Copying: /usr/local/lib/python3.8/dist-packages/jupyter_contrib_nbextensions/nbextensions/varInspector/tablesorter_LICENSE.txt -> /usr/local/share/jupyter/nbextensions/varInspector/tablesorter_LICENSE.txt
#17 1.902 [I 23:36:35 InstallContribNbextensionsApp] Copying: /usr/local/lib/python3.8/dist-packages/jupyter_contrib_nbextensions/nbextensions/varInspector/jquery.tablesorter.min.js -> /usr/local/share/jupyter/nbextensions/varInspector/jquery.tablesorter.min.js
#17 1.902 [I 23:36:35 InstallContribNbextensionsApp] Copying: /usr/local/lib/python3.8/dist-packages/jupyter_contrib_nbextensions/nbextensions/varInspector/main.js -> /usr/local/share/jupyter/nbextensions/varInspector/main.js
#17 1.903 [I 23:36:35 InstallContribNbextensionsApp] Copying: /usr/local/lib/python3.8/dist-packages/jupyter_contrib_nbextensions/nbextensions/varInspector/var_list.py -> /usr/local/share/jupyter/nbextensions/varInspector/var_list.py
#17 1.903 [I 23:36:35 InstallContribNbextensionsApp] Copying: /usr/local/lib/python3.8/dist-packages/jupyter_contrib_nbextensions/nbextensions/varInspector/README.md -> /usr/local/share/jupyter/nbextensions/varInspector/README.md
#17 1.903 [I 23:36:35 InstallContribNbextensionsApp] Making directory: /usr/local/share/jupyter/nbextensions/varInspector/__pycache__
#17 1.904 [I 23:36:35 InstallContribNbextensionsApp] Copying: /usr/local/lib/python3.8/dist-packages/jupyter_contrib_nbextensions/nbextensions/varInspector/__pycache__/var_list.cpython-38.pyc -> /usr/local/share/jupyter/nbextensions/varInspector/__pycache__/var_list.cpython-38.pyc
#17 1.904 [I 23:36:35 InstallContribNbextensionsApp] - Validating: [32mOK[0m
#17 1.904 [I 23:36:35 InstallContribNbextensionsApp] Installing /usr/local/lib/python3.8/dist-packages/jupyter_contrib_nbextensions/nbextensions/move_selected_cells -> move_selected_cells
#17 1.904 [I 23:36:35 InstallContribNbextensionsApp] Making directory: /usr/local/share/jupyter/nbextensions/move_selected_cells/
#17 1.905 [I 23:36:35 InstallContribNbextensionsApp] Copying: /usr/local/lib/python3.8/dist-packages/jupyter_contrib_nbextensions/nbextensions/move_selected_cells/move_selected_cells.yaml -> /usr/local/share/jupyter/nbextensions/move_selected_cells/move_selected_cells.yaml
#17 1.905 [I 23:36:35 InstallContribNbextensionsApp] Copying: /usr/local/lib/python3.8/dist-packages/jupyter_contrib_nbextensions/nbextensions/move_selected_cells/main.js -> /usr/local/share/jupyter/nbextensions/move_selected_cells/main.js
#17 1.905 [I 23:36:35 InstallContribNbextensionsApp] Copying: /usr/local/lib/python3.8/dist-packages/jupyter_contrib_nbextensions/nbextensions/move_selected_cells/README.md -> /usr/local/share/jupyter/nbextensions/move_selected_cells/README.md
#17 1.906 [I 23:36:35 InstallContribNbextensionsApp] - Validating: [32mOK[0m
#17 1.906 [I 23:36:35 InstallContribNbextensionsApp] Installing /usr/local/lib/python3.8/dist-packages/jupyter_contrib_nbextensions/nbextensions/codefolding -> codefolding
#17 1.906 [I 23:36:35 InstallContribNbextensionsApp] Making directory: /usr/local/share/jupyter/nbextensions/codefolding/
#17 1.906 [I 23:36:35 InstallContribNbextensionsApp] Copying: /usr/local/lib/python3.8/dist-packages/jupyter_contrib_nbextensions/nbextensions/codefolding/magic-folded.png -> /usr/local/share/jupyter/nbextensions/codefolding/magic-folded.png
#17 1.907 [I 23:36:35 InstallContribNbextensionsApp] Copying: /usr/local/lib/python3.8/dist-packages/jupyter_contrib_nbextensions/nbextensions/codefolding/magic-unfolded.png -> /usr/local/share/jupyter/nbextensions/codefolding/magic-unfolded.png
#17 1.907 [I 23:36:35 InstallContribNbextensionsApp] Copying: /usr/local/lib/python3.8/dist-packages/jupyter_contrib_nbextensions/nbextensions/codefolding/readme.md -> /usr/local/share/jupyter/nbextensions/codefolding/readme.md
#17 1.908 [I 23:36:35 InstallContribNbextensionsApp] Copying: /usr/local/lib/python3.8/dist-packages/jupyter_contrib_nbextensions/nbextensions/codefolding/blockcomment-fold.js -> /usr/local/share/jupyter/nbextensions/codefolding/blockcomment-fold.js
#17 1.908 [I 23:36:35 InstallContribNbextensionsApp] Copying: /usr/local/lib/python3.8/dist-packages/jupyter_contrib_nbextensions/nbextensions/codefolding/magic-fold.js -> /usr/local/share/jupyter/nbextensions/codefolding/magic-fold.js
#17 1.908 [I 23:36:35 InstallContribNbextensionsApp] Copying: /usr/local/lib/python3.8/dist-packages/jupyter_contrib_nbextensions/nbextensions/codefolding/codefolding_indent_folded_1.png -> /usr/local/share/jupyter/nbextensions/codefolding/codefolding_indent_folded_1.png
#17 1.909 [I 23:36:35 InstallContribNbextensionsApp] Copying: /usr/local/lib/python3.8/dist-packages/jupyter_contrib_nbextensions/nbextensions/codefolding/codefolding_indent_unfolded.png -> /usr/local/share/jupyter/nbextensions/codefolding/codefolding_indent_unfolded.png
#17 1.909 [I 23:36:35 InstallContribNbextensionsApp] Copying: /usr/local/lib/python3.8/dist-packages/jupyter_contrib_nbextensions/nbextensions/codefolding/foldgutter.css -> /usr/local/share/jupyter/nbextensions/codefolding/foldgutter.css
#17 1.910 [I 23:36:35 InstallContribNbextensionsApp] Copying: /usr/local/lib/python3.8/dist-packages/jupyter_contrib_nbextensions/nbextensions/codefolding/codefolding_indent_folded_2.png -> /usr/local/share/jupyter/nbextensions/codefolding/codefolding_indent_folded_2.png
#17 1.910 [I 23:36:35 InstallContribNbextensionsApp] Copying: /usr/local/lib/python3.8/dist-packages/jupyter_contrib_nbextensions/nbextensions/codefolding/firstline-fold.js -> /usr/local/share/jupyter/nbextensions/codefolding/firstline-fold.js
#17 1.911 [I 23:36:35 InstallContribNbextensionsApp] Copying: /usr/local/lib/python3.8/dist-packages/jupyter_contrib_nbextensions/nbextensions/codefolding/icon.png -> /usr/local/share/jupyter/nbextensions/codefolding/icon.png
#17 1.911 [I 23:36:35 InstallContribNbextensionsApp] Copying: /usr/local/lib/python3.8/dist-packages/jupyter_contrib_nbextensions/nbextensions/codefolding/edit.js -> /usr/local/share/jupyter/nbextensions/codefolding/edit.js
#17 1.911 [I 23:36:35 InstallContribNbextensionsApp] Copying: /usr/local/lib/python3.8/dist-packages/jupyter_contrib_nbextensions/nbextensions/codefolding/codefolding_firstline_folded.png -> /usr/local/share/jupyter/nbextensions/codefolding/codefolding_firstline_folded.png
#17 1.912 [I 23:36:35 InstallContribNbextensionsApp] Copying: /usr/local/lib/python3.8/dist-packages/jupyter_contrib_nbextensions/nbextensions/codefolding/codefolding_editor.png -> /usr/local/share/jupyter/nbextensions/codefolding/codefolding_editor.png
#17 1.912 [I 23:36:35 InstallContribNbextensionsApp] Copying: /usr/local/lib/python3.8/dist-packages/jupyter_contrib_nbextensions/nbextensions/codefolding/main.js -> /usr/local/share/jupyter/nbextensions/codefolding/main.js
#17 1.913 [I 23:36:35 InstallContribNbextensionsApp] Copying: /usr/local/lib/python3.8/dist-packages/jupyter_contrib_nbextensions/nbextensions/codefolding/codefolding_editor.yaml -> /usr/local/share/jupyter/nbextensions/codefolding/codefolding_editor.yaml
#17 1.913 [I 23:36:35 InstallContribNbextensionsApp] Copying: /usr/local/lib/python3.8/dist-packages/jupyter_contrib_nbextensions/nbextensions/codefolding/codefolding.yaml -> /usr/local/share/jupyter/nbextensions/codefolding/codefolding.yaml
#17 1.913 [I 23:36:35 InstallContribNbextensionsApp] Copying: /usr/local/lib/python3.8/dist-packages/jupyter_contrib_nbextensions/nbextensions/codefolding/codefolding_firstline_unfolded.png -> /usr/local/share/jupyter/nbextensions/codefolding/codefolding_firstline_unfolded.png
#17 1.914 [I 23:36:35 InstallContribNbextensionsApp] - Validating: [32mOK[0m
#17 1.914 [I 23:36:35 InstallContribNbextensionsApp] Installing /usr/local/lib/python3.8/dist-packages/jupyter_contrib_nbextensions/nbextensions/codefolding -> codefolding
#17 1.914 [I 23:36:35 InstallContribNbextensionsApp] Up to date: /usr/local/share/jupyter/nbextensions/codefolding/magic-folded.png
#17 1.914 [I 23:36:35 InstallContribNbextensionsApp] Up to date: /usr/local/share/jupyter/nbextensions/codefolding/magic-unfolded.png
#17 1.914 [I 23:36:35 InstallContribNbextensionsApp] Up to date: /usr/local/share/jupyter/nbextensions/codefolding/readme.md
#17 1.914 [I 23:36:35 InstallContribNbextensionsApp] Up to date: /usr/local/share/jupyter/nbextensions/codefolding/blockcomment-fold.js
#17 1.914 [I 23:36:35 InstallContribNbextensionsApp] Up to date: /usr/local/share/jupyter/nbextensions/codefolding/magic-fold.js
#17 1.914 [I 23:36:35 InstallContribNbextensionsApp] Up to date: /usr/local/share/jupyter/nbextensions/codefolding/codefolding_indent_folded_1.png
#17 1.914 [I 23:36:35 InstallContribNbextensionsApp] Up to date: /usr/local/share/jupyter/nbextensions/codefolding/codefolding_indent_unfolded.png
#17 1.914 [I 23:36:35 InstallContribNbextensionsApp] Up to date: /usr/local/share/jupyter/nbextensions/codefolding/foldgutter.css
#17 1.914 [I 23:36:35 InstallContribNbextensionsApp] Up to date: /usr/local/share/jupyter/nbextensions/codefolding/codefolding_indent_folded_2.png
#17 1.914 [I 23:36:35 InstallContribNbextensionsApp] Up to date: /usr/local/share/jupyter/nbextensions/codefolding/firstline-fold.js
#17 1.914 [I 23:36:35 InstallContribNbextensionsApp] Up to date: /usr/local/share/jupyter/nbextensions/codefolding/icon.png
#17 1.914 [I 23:36:35 InstallContribNbextensionsApp] Up to date: /usr/local/share/jupyter/nbextensions/codefolding/edit.js
#17 1.914 [I 23:36:35 InstallContribNbextensionsApp] Up to date: /usr/local/share/jupyter/nbextensions/codefolding/codefolding_firstline_folded.png
#17 1.915 [I 23:36:35 InstallContribNbextensionsApp] Up to date: /usr/local/share/jupyter/nbextensions/codefolding/codefolding_editor.png
#17 1.915 [I 23:36:35 InstallContribNbextensionsApp] Up to date: /usr/local/share/jupyter/nbextensions/codefolding/main.js
#17 1.915 [I 23:36:35 InstallContribNbextensionsApp] Up to date: /usr/local/share/jupyter/nbextensions/codefolding/codefolding_editor.yaml
#17 1.915 [I 23:36:35 InstallContribNbextensionsApp] Up to date: /usr/local/share/jupyter/nbextensions/codefolding/codefolding.yaml
#17 1.915 [I 23:36:35 InstallContribNbextensionsApp] Up to date: /usr/local/share/jupyter/nbextensions/codefolding/codefolding_firstline_unfolded.png
#17 1.915 [I 23:36:35 InstallContribNbextensionsApp] - Validating: [32mOK[0m
#17 1.915 [I 23:36:35 InstallContribNbextensionsApp] Installing /usr/local/lib/python3.8/dist-packages/jupyter_contrib_nbextensions/nbextensions/exercise -> exercise
#17 1.915 [I 23:36:35 InstallContribNbextensionsApp] Making directory: /usr/local/share/jupyter/nbextensions/exercise/
#17 1.916 [I 23:36:35 InstallContribNbextensionsApp] Copying: /usr/local/lib/python3.8/dist-packages/jupyter_contrib_nbextensions/nbextensions/exercise/main.css -> /usr/local/share/jupyter/nbextensions/exercise/main.css
#17 1.916 [I 23:36:35 InstallContribNbextensionsApp] Copying: /usr/local/lib/python3.8/dist-packages/jupyter_contrib_nbextensions/nbextensions/exercise/readme.md -> /usr/local/share/jupyter/nbextensions/exercise/readme.md
#17 1.917 [I 23:36:35 InstallContribNbextensionsApp] Copying: /usr/local/lib/python3.8/dist-packages/jupyter_contrib_nbextensions/nbextensions/exercise/history.md -> /usr/local/share/jupyter/nbextensions/exercise/history.md
#17 1.917 [I 23:36:35 InstallContribNbextensionsApp] Copying: /usr/local/lib/python3.8/dist-packages/jupyter_contrib_nbextensions/nbextensions/exercise/icon.png -> /usr/local/share/jupyter/nbextensions/exercise/icon.png
#17 1.918 [I 23:36:35 InstallContribNbextensionsApp] Copying: /usr/local/lib/python3.8/dist-packages/jupyter_contrib_nbextensions/nbextensions/exercise/exercise.yaml -> /usr/local/share/jupyter/nbextensions/exercise/exercise.yaml
#17 1.918 [I 23:36:35 InstallContribNbextensionsApp] Copying: /usr/local/lib/python3.8/dist-packages/jupyter_contrib_nbextensions/nbextensions/exercise/image.gif -> /usr/local/share/jupyter/nbextensions/exercise/image.gif
#17 1.919 [I 23:36:35 InstallContribNbextensionsApp] Copying: /usr/local/lib/python3.8/dist-packages/jupyter_contrib_nbextensions/nbextensions/exercise/main.js -> /usr/local/share/jupyter/nbextensions/exercise/main.js
#17 1.920 [I 23:36:35 InstallContribNbextensionsApp] - Validating: [32mOK[0m
#17 1.920 [I 23:36:35 InstallContribNbextensionsApp] Installing /usr/local/lib/python3.8/dist-packages/jupyter_contrib_nbextensions/nbextensions/rubberband -> rubberband
#17 1.920 [I 23:36:35 InstallContribNbextensionsApp] Making directory: /usr/local/share/jupyter/nbextensions/rubberband/
#17 1.920 [I 23:36:35 InstallContribNbextensionsApp] Copying: /usr/local/lib/python3.8/dist-packages/jupyter_contrib_nbextensions/nbextensions/rubberband/main.css -> /usr/local/share/jupyter/nbextensions/rubberband/main.css
#17 1.921 [I 23:36:35 InstallContribNbextensionsApp] Copying: /usr/local/lib/python3.8/dist-packages/jupyter_contrib_nbextensions/nbextensions/rubberband/readme.md -> /usr/local/share/jupyter/nbextensions/rubberband/readme.md
#17 1.921 [I 23:36:35 InstallContribNbextensionsApp] Copying: /usr/local/lib/python3.8/dist-packages/jupyter_contrib_nbextensions/nbextensions/rubberband/rubberband.yaml -> /usr/local/share/jupyter/nbextensions/rubberband/rubberband.yaml
#17 1.921 [I 23:36:35 InstallContribNbextensionsApp] Copying: /usr/local/lib/python3.8/dist-packages/jupyter_contrib_nbextensions/nbextensions/rubberband/icon.png -> /usr/local/share/jupyter/nbextensions/rubberband/icon.png
#17 1.922 [I 23:36:35 InstallContribNbextensionsApp] Copying: /usr/local/lib/python3.8/dist-packages/jupyter_contrib_nbextensions/nbextensions/rubberband/main.js -> /usr/local/share/jupyter/nbextensions/rubberband/main.js
#17 1.922 [I 23:36:35 InstallContribNbextensionsApp] - Validating: [32mOK[0m
#17 1.922 [I 23:36:35 InstallContribNbextensionsApp] Installing /usr/local/lib/python3.8/dist-packages/jupyter_contrib_nbextensions/nbextensions/ruler -> ruler
#17 1.923 [I 23:36:35 InstallContribNbextensionsApp] Making directory: /usr/local/share/jupyter/nbextensions/ruler/
#17 1.923 [I 23:36:35 InstallContribNbextensionsApp] Copying: /usr/local/lib/python3.8/dist-packages/jupyter_contrib_nbextensions/nbextensions/ruler/readme.md -> /usr/local/share/jupyter/nbextensions/ruler/readme.md
#17 1.923 [I 23:36:35 InstallContribNbextensionsApp] Copying: /usr/local/lib/python3.8/dist-packages/jupyter_contrib_nbextensions/nbextensions/ruler/ruler_editor.yaml -> /usr/local/share/jupyter/nbextensions/ruler/ruler_editor.yaml
#17 1.923 [I 23:36:35 InstallContribNbextensionsApp] Copying: /usr/local/lib/python3.8/dist-packages/jupyter_contrib_nbextensions/nbextensions/ruler/icon.png -> /usr/local/share/jupyter/nbextensions/ruler/icon.png
#17 1.924 [I 23:36:35 InstallContribNbextensionsApp] Copying: /usr/local/lib/python3.8/dist-packages/jupyter_contrib_nbextensions/nbextensions/ruler/edit.js -> /usr/local/share/jupyter/nbextensions/ruler/edit.js
#17 1.924 [I 23:36:35 InstallContribNbextensionsApp] Copying: /usr/local/lib/python3.8/dist-packages/jupyter_contrib_nbextensions/nbextensions/ruler/ruler.yaml -> /usr/local/share/jupyter/nbextensions/ruler/ruler.yaml
#17 1.924 [I 23:36:35 InstallContribNbextensionsApp] Copying: /usr/local/lib/python3.8/dist-packages/jupyter_contrib_nbextensions/nbextensions/ruler/main.js -> /usr/local/share/jupyter/nbextensions/ruler/main.js
#17 1.925 [I 23:36:35 InstallContribNbextensionsApp] - Validating: [32mOK[0m
#17 1.925 [I 23:36:35 InstallContribNbextensionsApp] Installing /usr/local/lib/python3.8/dist-packages/jupyter_contrib_nbextensions/nbextensions/ruler -> ruler
#17 1.925 [I 23:36:35 InstallContribNbextensionsApp] Up to date: /usr/local/share/jupyter/nbextensions/ruler/readme.md
#17 1.925 [I 23:36:35 InstallContribNbextensionsApp] Up to date: /usr/local/share/jupyter/nbextensions/ruler/ruler_editor.yaml
#17 1.925 [I 23:36:35 InstallContribNbextensionsApp] Up to date: /usr/local/share/jupyter/nbextensions/ruler/icon.png
#17 1.925 [I 23:36:35 InstallContribNbextensionsApp] Up to date: /usr/local/share/jupyter/nbextensions/ruler/edit.js
#17 1.925 [I 23:36:35 InstallContribNbextensionsApp] Up to date: /usr/local/share/jupyter/nbextensions/ruler/ruler.yaml
#17 1.925 [I 23:36:35 InstallContribNbextensionsApp] Up to date: /usr/local/share/jupyter/nbextensions/ruler/main.js
#17 1.925 [I 23:36:35 InstallContribNbextensionsApp] - Validating: [32mOK[0m
#17 1.925 [I 23:36:35 InstallContribNbextensionsApp] Installing /usr/local/lib/python3.8/dist-packages/jupyter_contrib_nbextensions/nbextensions/navigation-hotkeys -> navigation-hotkeys
#17 1.926 [I 23:36:35 InstallContribNbextensionsApp] Making directory: /usr/local/share/jupyter/nbextensions/navigation-hotkeys/
#17 1.926 [I 23:36:35 InstallContribNbextensionsApp] Copying: /usr/local/lib/python3.8/dist-packages/jupyter_contrib_nbextensions/nbextensions/navigation-hotkeys/hotkeys.yaml -> /usr/local/share/jupyter/nbextensions/navigation-hotkeys/hotkeys.yaml
#17 1.926 [I 23:36:35 InstallContribNbextensionsApp] Copying: /usr/local/lib/python3.8/dist-packages/jupyter_contrib_nbextensions/nbextensions/navigation-hotkeys/readme.md -> /usr/local/share/jupyter/nbextensions/navigation-hotkeys/readme.md
#17 1.927 [I 23:36:35 InstallContribNbextensionsApp] Copying: /usr/local/lib/python3.8/dist-packages/jupyter_contrib_nbextensions/nbextensions/navigation-hotkeys/icon.png -> /usr/local/share/jupyter/nbextensions/navigation-hotkeys/icon.png
#17 1.927 [I 23:36:35 InstallContribNbextensionsApp] Copying: /usr/local/lib/python3.8/dist-packages/jupyter_contrib_nbextensions/nbextensions/navigation-hotkeys/main.js -> /usr/local/share/jupyter/nbextensions/navigation-hotkeys/main.js
#17 1.927 [I 23:36:35 InstallContribNbextensionsApp] - Validating: [32mOK[0m
#17 1.927 [I 23:36:35 InstallContribNbextensionsApp] Installing /usr/local/lib/python3.8/dist-packages/jupyter_contrib_nbextensions/nbextensions/scratchpad -> scratchpad
#17 1.928 [I 23:36:35 InstallContribNbextensionsApp] Making directory: /usr/local/share/jupyter/nbextensions/scratchpad/
#17 1.928 [I 23:36:35 InstallContribNbextensionsApp] Copying: /usr/local/lib/python3.8/dist-packages/jupyter_contrib_nbextensions/nbextensions/scratchpad/demo.gif -> /usr/local/share/jupyter/nbextensions/scratchpad/demo.gif
#17 1.931 [I 23:36:35 InstallContribNbextensionsApp] Copying: /usr/local/lib/python3.8/dist-packages/jupyter_contrib_nbextensions/nbextensions/scratchpad/scratchpad.css -> /usr/local/share/jupyter/nbextensions/scratchpad/scratchpad.css
#17 1.931 [I 23:36:35 InstallContribNbextensionsApp] Copying: /usr/local/lib/python3.8/dist-packages/jupyter_contrib_nbextensions/nbextensions/scratchpad/LICENSE -> /usr/local/share/jupyter/nbextensions/scratchpad/LICENSE
#17 1.932 [I 23:36:35 InstallContribNbextensionsApp] Copying: /usr/local/lib/python3.8/dist-packages/jupyter_contrib_nbextensions/nbextensions/scratchpad/scratchpad.yaml -> /usr/local/share/jupyter/nbextensions/scratchpad/scratchpad.yaml
#17 1.932 [I 23:36:35 InstallContribNbextensionsApp] Copying: /usr/local/lib/python3.8/dist-packages/jupyter_contrib_nbextensions/nbextensions/scratchpad/main.js -> /usr/local/share/jupyter/nbextensions/scratchpad/main.js
#17 1.933 [I 23:36:35 InstallContribNbextensionsApp] Copying: /usr/local/lib/python3.8/dist-packages/jupyter_contrib_nbextensions/nbextensions/scratchpad/README.md -> /usr/local/share/jupyter/nbextensions/scratchpad/README.md
#17 1.933 [I 23:36:35 InstallContribNbextensionsApp] - Validating: [32mOK[0m
#17 1.933 [I 23:36:35 InstallContribNbextensionsApp] Installing /usr/local/lib/python3.8/dist-packages/jupyter_contrib_nbextensions/nbextensions/contrib_nbextensions_help_item -> contrib_nbextensions_help_item
#17 1.934 [I 23:36:35 InstallContribNbextensionsApp] Making directory: /usr/local/share/jupyter/nbextensions/contrib_nbextensions_help_item/
#17 1.934 [I 23:36:35 InstallContribNbextensionsApp] Copying: /usr/local/lib/python3.8/dist-packages/jupyter_contrib_nbextensions/nbextensions/contrib_nbextensions_help_item/contrib_nbextensions_help_item.yaml -> /usr/local/share/jupyter/nbextensions/contrib_nbextensions_help_item/contrib_nbextensions_help_item.yaml
#17 1.934 [I 23:36:35 InstallContribNbextensionsApp] Copying: /usr/local/lib/python3.8/dist-packages/jupyter_contrib_nbextensions/nbextensions/contrib_nbextensions_help_item/main.js -> /usr/local/share/jupyter/nbextensions/contrib_nbextensions_help_item/main.js
#17 1.935 [I 23:36:35 InstallContribNbextensionsApp] Copying: /usr/local/lib/python3.8/dist-packages/jupyter_contrib_nbextensions/nbextensions/contrib_nbextensions_help_item/README.md -> /usr/local/share/jupyter/nbextensions/contrib_nbextensions_help_item/README.md
#17 1.935 [I 23:36:35 InstallContribNbextensionsApp] - Validating: [32mOK[0m
#17 1.936 [I 23:36:35 InstallContribNbextensionsApp] Installing /usr/local/lib/python3.8/dist-packages/jupyter_contrib_nbextensions/nbextensions/code_prettify -> code_prettify
#17 1.936 [I 23:36:35 InstallContribNbextensionsApp] Making directory: /usr/local/share/jupyter/nbextensions/code_prettify/
#17 1.937 [I 23:36:35 InstallContribNbextensionsApp] Copying: /usr/local/lib/python3.8/dist-packages/jupyter_contrib_nbextensions/nbextensions/code_prettify/README_isort.md -> /usr/local/share/jupyter/nbextensions/code_prettify/README_isort.md
#17 1.937 [I 23:36:35 InstallContribNbextensionsApp] Copying: /usr/local/lib/python3.8/dist-packages/jupyter_contrib_nbextensions/nbextensions/code_prettify/demo-py.gif -> /usr/local/share/jupyter/nbextensions/code_prettify/demo-py.gif
#17 1.938 [I 23:36:35 InstallContribNbextensionsApp] Copying: /usr/local/lib/python3.8/dist-packages/jupyter_contrib_nbextensions/nbextensions/code_prettify/code_prettify.yaml -> /usr/local/share/jupyter/nbextensions/code_prettify/code_prettify.yaml
#17 1.938 [I 23:36:35 InstallContribNbextensionsApp] Copying: /usr/local/lib/python3.8/dist-packages/jupyter_contrib_nbextensions/nbextensions/code_prettify/isort.js -> /usr/local/share/jupyter/nbextensions/code_prettify/isort.js
#17 1.939 [I 23:36:35 InstallContribNbextensionsApp] Copying: /usr/local/lib/python3.8/dist-packages/jupyter_contrib_nbextensions/nbextensions/code_prettify/demo-R.gif -> /usr/local/share/jupyter/nbextensions/code_prettify/demo-R.gif
#17 1.941 [I 23:36:35 InstallContribNbextensionsApp] Copying: /usr/local/lib/python3.8/dist-packages/jupyter_contrib_nbextensions/nbextensions/code_prettify/demo-jv.gif -> /usr/local/share/jupyter/nbextensions/code_prettify/demo-jv.gif
#17 1.942 [I 23:36:35 InstallContribNbextensionsApp] Copying: /usr/local/lib/python3.8/dist-packages/jupyter_contrib_nbextensions/nbextensions/code_prettify/autopep8.js -> /usr/local/share/jupyter/nbextensions/code_prettify/autopep8.js
#17 1.942 [I 23:36:35 InstallContribNbextensionsApp] Copying: /usr/local/lib/python3.8/dist-packages/jupyter_contrib_nbextensions/nbextensions/code_prettify/README_2to3.md -> /usr/local/share/jupyter/nbextensions/code_prettify/README_2to3.md
#17 1.943 [I 23:36:35 InstallContribNbextensionsApp] Copying: /usr/local/lib/python3.8/dist-packages/jupyter_contrib_nbextensions/nbextensions/code_prettify/kernel_exec_on_cell.js -> /usr/local/share/jupyter/nbextensions/code_prettify/kernel_exec_on_cell.js
#17 1.943 [I 23:36:35 InstallContribNbextensionsApp] Copying: /usr/local/lib/python3.8/dist-packages/jupyter_contrib_nbextensions/nbextensions/code_prettify/autopep8.yaml -> /usr/local/share/jupyter/nbextensions/code_prettify/autopep8.yaml
#17 1.943 [I 23:36:35 InstallContribNbextensionsApp] Copying: /usr/local/lib/python3.8/dist-packages/jupyter_contrib_nbextensions/nbextensions/code_prettify/isort.yaml -> /usr/local/share/jupyter/nbextensions/code_prettify/isort.yaml
#17 1.944 [I 23:36:35 InstallContribNbextensionsApp] Copying: /usr/local/lib/python3.8/dist-packages/jupyter_contrib_nbextensions/nbextensions/code_prettify/2to3.yaml -> /usr/local/share/jupyter/nbextensions/code_prettify/2to3.yaml
#17 1.944 [I 23:36:35 InstallContribNbextensionsApp] Copying: /usr/local/lib/python3.8/dist-packages/jupyter_contrib_nbextensions/nbextensions/code_prettify/2to3.js -> /usr/local/share/jupyter/nbextensions/code_prettify/2to3.js
#17 1.944 [I 23:36:35 InstallContribNbextensionsApp] Copying: /usr/local/lib/python3.8/dist-packages/jupyter_contrib_nbextensions/nbextensions/code_prettify/README_code_prettify.md -> /usr/local/share/jupyter/nbextensions/code_prettify/README_code_prettify.md
#17 1.945 [I 23:36:35 InstallContribNbextensionsApp] Copying: /usr/local/lib/python3.8/dist-packages/jupyter_contrib_nbextensions/nbextensions/code_prettify/demo_2to3.gif -> /usr/local/share/jupyter/nbextensions/code_prettify/demo_2to3.gif
#17 1.945 [I 23:36:35 InstallContribNbextensionsApp] Copying: /usr/local/lib/python3.8/dist-packages/jupyter_contrib_nbextensions/nbextensions/code_prettify/README.md -> /usr/local/share/jupyter/nbextensions/code_prettify/README.md
#17 1.946 [I 23:36:35 InstallContribNbextensionsApp] Copying: /usr/local/lib/python3.8/dist-packages/jupyter_contrib_nbextensions/nbextensions/code_prettify/README_autopep8.md -> /usr/local/share/jupyter/nbextensions/code_prettify/README_autopep8.md
#17 1.947 [I 23:36:35 InstallContribNbextensionsApp] Copying: /usr/local/lib/python3.8/dist-packages/jupyter_contrib_nbextensions/nbextensions/code_prettify/code_prettify.js -> /usr/local/share/jupyter/nbextensions/code_prettify/code_prettify.js
#17 1.947 [I 23:36:35 InstallContribNbextensionsApp] - Validating: [32mOK[0m
#17 1.947 [I 23:36:35 InstallContribNbextensionsApp] Installing /usr/local/lib/python3.8/dist-packages/jupyter_contrib_nbextensions/nbextensions/code_prettify -> code_prettify
#17 1.947 [I 23:36:35 InstallContribNbextensionsApp] Up to date: /usr/local/share/jupyter/nbextensions/code_prettify/README_isort.md
#17 1.947 [I 23:36:35 InstallContribNbextensionsApp] Up to date: /usr/local/share/jupyter/nbextensions/code_prettify/demo-py.gif
#17 1.947 [I 23:36:35 InstallContribNbextensionsApp] Up to date: /usr/local/share/jupyter/nbextensions/code_prettify/code_prettify.yaml
#17 1.948 [I 23:36:35 InstallContribNbextensionsApp] Up to date: /usr/local/share/jupyter/nbextensions/code_prettify/isort.js
#17 1.948 [I 23:36:35 InstallContribNbextensionsApp] Up to date: /usr/local/share/jupyter/nbextensions/code_prettify/demo-R.gif
#17 1.948 [I 23:36:35 InstallContribNbextensionsApp] Up to date: /usr/local/share/jupyter/nbextensions/code_prettify/demo-jv.gif
#17 1.948 [I 23:36:35 InstallContribNbextensionsApp] Up to date: /usr/local/share/jupyter/nbextensions/code_prettify/autopep8.js
#17 1.948 [I 23:36:35 InstallContribNbextensionsApp] Up to date: /usr/local/share/jupyter/nbextensions/code_prettify/README_2to3.md
#17 1.948 [I 23:36:35 InstallContribNbextensionsApp] Up to date: /usr/local/share/jupyter/nbextensions/code_prettify/kernel_exec_on_cell.js
#17 1.948 [I 23:36:35 InstallContribNbextensionsApp] Up to date: /usr/local/share/jupyter/nbextensions/code_prettify/autopep8.yaml
#17 1.948 [I 23:36:35 InstallContribNbextensionsApp] Up to date: /usr/local/share/jupyter/nbextensions/code_prettify/isort.yaml
#17 1.948 [I 23:36:35 InstallContribNbextensionsApp] Up to date: /usr/local/share/jupyter/nbextensions/code_prettify/2to3.yaml
#17 1.948 [I 23:36:35 InstallContribNbextensionsApp] Up to date: /usr/local/share/jupyter/nbextensions/code_prettify/2to3.js
#17 1.948 [I 23:36:35 InstallContribNbextensionsApp] Up to date: /usr/local/share/jupyter/nbextensions/code_prettify/README_code_prettify.md
#17 1.948 [I 23:36:35 InstallContribNbextensionsApp] Up to date: /usr/local/share/jupyter/nbextensions/code_prettify/demo_2to3.gif
#17 1.948 [I 23:36:35 InstallContribNbextensionsApp] Up to date: /usr/local/share/jupyter/nbextensions/code_prettify/README.md
#17 1.949 [I 23:36:35 InstallContribNbextensionsApp] Up to date: /usr/local/share/jupyter/nbextensions/code_prettify/README_autopep8.md
#17 1.949 [I 23:36:35 InstallContribNbextensionsApp] Up to date: /usr/local/share/jupyter/nbextensions/code_prettify/code_prettify.js
#17 1.949 [I 23:36:35 InstallContribNbextensionsApp] - Validating: [32mOK[0m
#17 1.949 [I 23:36:35 InstallContribNbextensionsApp] Installing /usr/local/lib/python3.8/dist-packages/jupyter_contrib_nbextensions/nbextensions/code_prettify -> code_prettify
#17 1.949 [I 23:36:35 InstallContribNbextensionsApp] Up to date: /usr/local/share/jupyter/nbextensions/code_prettify/README_isort.md
#17 1.949 [I 23:36:35 InstallContribNbextensionsApp] Up to date: /usr/local/share/jupyter/nbextensions/code_prettify/demo-py.gif
#17 1.949 [I 23:36:35 InstallContribNbextensionsApp] Up to date: /usr/local/share/jupyter/nbextensions/code_prettify/code_prettify.yaml
#17 1.949 [I 23:36:35 InstallContribNbextensionsApp] Up to date: /usr/local/share/jupyter/nbextensions/code_prettify/isort.js
#17 1.949 [I 23:36:35 InstallContribNbextensionsApp] Up to date: /usr/local/share/jupyter/nbextensions/code_prettify/demo-R.gif
#17 1.949 [I 23:36:35 InstallContribNbextensionsApp] Up to date: /usr/local/share/jupyter/nbextensions/code_prettify/demo-jv.gif
#17 1.949 [I 23:36:35 InstallContribNbextensionsApp] Up to date: /usr/local/share/jupyter/nbextensions/code_prettify/autopep8.js
#17 1.949 [I 23:36:35 InstallContribNbextensionsApp] Up to date: /usr/local/share/jupyter/nbextensions/code_prettify/README_2to3.md
#17 1.949 [I 23:36:35 InstallContribNbextensionsApp] Up to date: /usr/local/share/jupyter/nbextensions/code_prettify/kernel_exec_on_cell.js
#17 1.949 [I 23:36:35 InstallContribNbextensionsApp] Up to date: /usr/local/share/jupyter/nbextensions/code_prettify/autopep8.yaml
#17 1.950 [I 23:36:35 InstallContribNbextensionsApp] Up to date: /usr/local/share/jupyter/nbextensions/code_prettify/isort.yaml
#17 1.950 [I 23:36:35 InstallContribNbextensionsApp] Up to date: /usr/local/share/jupyter/nbextensions/code_prettify/2to3.yaml
#17 1.950 [I 23:36:35 InstallContribNbextensionsApp] Up to date: /usr/local/share/jupyter/nbextensions/code_prettify/2to3.js
#17 1.950 [I 23:36:35 InstallContribNbextensionsApp] Up to date: /usr/local/share/jupyter/nbextensions/code_prettify/README_code_prettify.md
#17 1.950 [I 23:36:35 InstallContribNbextensionsApp] Up to date: /usr/local/share/jupyter/nbextensions/code_prettify/demo_2to3.gif
#17 1.950 [I 23:36:35 InstallContribNbextensionsApp] Up to date: /usr/local/share/jupyter/nbextensions/code_prettify/README.md
#17 1.950 [I 23:36:35 InstallContribNbextensionsApp] Up to date: /usr/local/share/jupyter/nbextensions/code_prettify/README_autopep8.md
#17 1.950 [I 23:36:35 InstallContribNbextensionsApp] Up to date: /usr/local/share/jupyter/nbextensions/code_prettify/code_prettify.js
#17 1.950 [I 23:36:35 InstallContribNbextensionsApp] - Validating: [32mOK[0m
#17 1.950 [I 23:36:35 InstallContribNbextensionsApp] Installing /usr/local/lib/python3.8/dist-packages/jupyter_contrib_nbextensions/nbextensions/code_prettify -> code_prettify
#17 1.950 [I 23:36:35 InstallContribNbextensionsApp] Up to date: /usr/local/share/jupyter/nbextensions/code_prettify/README_isort.md
#17 1.950 [I 23:36:35 InstallContribNbextensionsApp] Up to date: /usr/local/share/jupyter/nbextensions/code_prettify/demo-py.gif
#17 1.951 [I 23:36:35 InstallContribNbextensionsApp] Up to date: /usr/local/share/jupyter/nbextensions/code_prettify/code_prettify.yaml
#17 1.951 [I 23:36:35 InstallContribNbextensionsApp] Up to date: /usr/local/share/jupyter/nbextensions/code_prettify/isort.js
#17 1.951 [I 23:36:35 InstallContribNbextensionsApp] Up to date: /usr/local/share/jupyter/nbextensions/code_prettify/demo-R.gif
#17 1.951 [I 23:36:35 InstallContribNbextensionsApp] Up to date: /usr/local/share/jupyter/nbextensions/code_prettify/demo-jv.gif
#17 1.951 [I 23:36:35 InstallContribNbextensionsApp] Up to date: /usr/local/share/jupyter/nbextensions/code_prettify/autopep8.js
#17 1.951 [I 23:36:35 InstallContribNbextensionsApp] Up to date: /usr/local/share/jupyter/nbextensions/code_prettify/README_2to3.md
#17 1.951 [I 23:36:35 InstallContribNbextensionsApp] Up to date: /usr/local/share/jupyter/nbextensions/code_prettify/kernel_exec_on_cell.js
#17 1.951 [I 23:36:35 InstallContribNbextensionsApp] Up to date: /usr/local/share/jupyter/nbextensions/code_prettify/autopep8.yaml
#17 1.951 [I 23:36:35 InstallContribNbextensionsApp] Up to date: /usr/local/share/jupyter/nbextensions/code_prettify/isort.yaml
#17 1.951 [I 23:36:35 InstallContribNbextensionsApp] Up to date: /usr/local/share/jupyter/nbextensions/code_prettify/2to3.yaml
#17 1.951 [I 23:36:35 InstallContribNbextensionsApp] Up to date: /usr/local/share/jupyter/nbextensions/code_prettify/2to3.js
#17 1.951 [I 23:36:35 InstallContribNbextensionsApp] Up to date: /usr/local/share/jupyter/nbextensions/code_prettify/README_code_prettify.md
#17 1.951 [I 23:36:35 InstallContribNbextensionsApp] Up to date: /usr/local/share/jupyter/nbextensions/code_prettify/demo_2to3.gif
#17 1.951 [I 23:36:35 InstallContribNbextensionsApp] Up to date: /usr/local/share/jupyter/nbextensions/code_prettify/README.md
#17 1.951 [I 23:36:35 InstallContribNbextensionsApp] Up to date: /usr/local/share/jupyter/nbextensions/code_prettify/README_autopep8.md
#17 1.952 [I 23:36:35 InstallContribNbextensionsApp] Up to date: /usr/local/share/jupyter/nbextensions/code_prettify/code_prettify.js
#17 1.952 [I 23:36:35 InstallContribNbextensionsApp] - Validating: [32mOK[0m
#17 1.952 [I 23:36:35 InstallContribNbextensionsApp] Installing /usr/local/lib/python3.8/dist-packages/jupyter_highlight_selected_word/static/highlight_selected_word -> highlight_selected_word
#17 1.953 [I 23:36:35 InstallContribNbextensionsApp] Making directory: /usr/local/share/jupyter/nbextensions/highlight_selected_word/
#17 1.953 [I 23:36:35 InstallContribNbextensionsApp] Copying: /usr/local/lib/python3.8/dist-packages/jupyter_highlight_selected_word/static/highlight_selected_word/configurator.yaml -> /usr/local/share/jupyter/nbextensions/highlight_selected_word/configurator.yaml
#17 1.954 [I 23:36:35 InstallContribNbextensionsApp] Copying: /usr/local/lib/python3.8/dist-packages/jupyter_highlight_selected_word/static/highlight_selected_word/main.js -> /usr/local/share/jupyter/nbextensions/highlight_selected_word/main.js
#17 1.955 [I 23:36:35 InstallContribNbextensionsApp] Copying: /usr/local/lib/python3.8/dist-packages/jupyter_highlight_selected_word/static/highlight_selected_word/README.md -> /usr/local/share/jupyter/nbextensions/highlight_selected_word/README.md
#17 1.955 [I 23:36:35 InstallContribNbextensionsApp] - Validating: [32mOK[0m
#17 1.955 [I 23:36:35 InstallContribNbextensionsApp] Installing jupyter_contrib_nbextensions items to config in /usr/local/etc/jupyter
#17 1.957 Enabling: jupyter_nbextensions_configurator
#17 1.957 - Writing config: /usr/local/etc/jupyter
#17 1.958     - Validating...
#17 1.958       jupyter_nbextensions_configurator 0.6.4 [32mOK[0m
#17 1.958 Enabling notebook nbextension nbextensions_configurator/config_menu/main...
#17 1.959 Enabling tree nbextension nbextensions_configurator/tree_tab/main...
#17 1.961 [I 23:36:35 InstallContribNbextensionsApp] Enabling notebook extension contrib_nbextensions_help_item/main...
#17 1.961 [I 23:36:35 InstallContribNbextensionsApp]       - Validating: [32mOK[0m
#17 1.961 [I 23:36:35 InstallContribNbextensionsApp] - Editing config: /usr/local/etc/jupyter/jupyter_nbconvert_config.json
#17 1.961 [I 23:36:35 InstallContribNbextensionsApp] --  Configuring nbconvert template path
#17 1.962 [I 23:36:35 InstallContribNbextensionsApp] --  Configuring nbconvert preprocessors
#17 1.962 [I 23:36:35 InstallContribNbextensionsApp] - Writing config: /usr/local/etc/jupyter/jupyter_nbconvert_config.json
#17 1.962 [I 23:36:35 InstallContribNbextensionsApp] --  Writing updated config file /usr/local/etc/jupyter/jupyter_nbconvert_config.json
#17 2.032 + extensions='
#17 2.032 autosavetime/main
#17 2.032 code_prettify/code_prettify
#17 2.032 collapsible_headings/main
#17 2.032 comment-uncomment/main
#17 2.032 contrib_nbextensions_help_item/main
#17 2.032 execute_time/ExecuteTime
#17 2.032 highlighter/highlighter
#17 2.032 jupyter-js-widgets/extension
#17 2.032 notify/notify
#17 2.032 runtools/main
#17 2.032 toc2/main
#17 2.032 spellchecker/main'
#17 2.032 + for v in $extensions
#17 2.032 + jupyter nbextension enable autosavetime/main
#17 2.159 Enabling notebook extension autosavetime/main...
#17 2.161       - Validating: [32mOK[0m
#17 2.171 + for v in $extensions
#17 2.171 + jupyter nbextension enable code_prettify/code_prettify
#17 2.299 Enabling notebook extension code_prettify/code_prettify...
#17 2.299       - Validating: [32mOK[0m
#17 2.313 + for v in $extensions
#17 2.313 + jupyter nbextension enable collapsible_headings/main
#17 2.441 Enabling notebook extension collapsible_headings/main...
#17 2.441       - Validating: [32mOK[0m
#17 2.452 + for v in $extensions
#17 2.452 + jupyter nbextension enable comment-uncomment/main
#17 2.575 Enabling notebook extension comment-uncomment/main...
#17 2.576       - Validating: [32mOK[0m
#17 2.586 + for v in $extensions
#17 2.586 + jupyter nbextension enable contrib_nbextensions_help_item/main
#17 2.719 Enabling notebook extension contrib_nbextensions_help_item/main...
#17 2.720       - Validating: [32mOK[0m
#17 2.731 + for v in $extensions
#17 2.731 + jupyter nbextension enable execute_time/ExecuteTime
#17 2.854 Enabling notebook extension execute_time/ExecuteTime...
#17 2.856       - Validating: [32mOK[0m
#17 2.866 + for v in $extensions
#17 2.866 + jupyter nbextension enable highlighter/highlighter
#17 2.989 Enabling notebook extension highlighter/highlighter...
#17 2.990       - Validating: [32mOK[0m
#17 3.000 + for v in $extensions
#17 3.000 + jupyter nbextension enable jupyter-js-widgets/extension
#17 3.126 Enabling notebook extension jupyter-js-widgets/extension...
#17 3.127       - Validating: problems found:
#17 3.127         - require? [31m X[0m jupyter-js-widgets/extension
#17 3.138 + for v in $extensions
#17 3.138 + jupyter nbextension enable notify/notify
#17 3.265 Enabling notebook extension notify/notify...
#17 3.265       - Validating: [32mOK[0m
#17 3.276 + for v in $extensions
#17 3.276 + jupyter nbextension enable runtools/main
#17 3.401 Enabling notebook extension runtools/main...
#17 3.402       - Validating: [32mOK[0m
#17 3.412 + for v in $extensions
#17 3.412 + jupyter nbextension enable toc2/main
#17 3.535 Enabling notebook extension toc2/main...
#17 3.536       - Validating: [32mOK[0m
#17 3.547 + for v in $extensions
#17 3.547 + jupyter nbextension enable spellchecker/main
#17 3.672 Enabling notebook extension spellchecker/main...
#17 3.673       - Validating: [32mOK[0m
#17 3.684 + echo '{"nbext_hide_incompat": false}'
#17 3.685 ++ jupyter --data-dir
#17 3.735 + DIR=/root/.local/share/jupyter/nbextensions
#17 3.735 + [[ ! -e /root/.local/share/jupyter/nbextensions ]]
#17 3.735 + mkdir /root/.local/share/jupyter/nbextensions
#17 3.737 + cd /root/.local/share/jupyter/nbextensions
#17 3.737 + [[ -e vim_binding ]]
#17 3.737 + git clone https://github.com/lambdalisue/jupyter-vim-binding vim_binding
#17 3.749 Cloning into 'vim_binding'...
#17 4.080 + jupyter notebook --generate-config -y
#17 4.363 Writing default config to: {config_file!r}
#17 DONE 4.4s

#18 [14/20] COPY requirements.txt /install/
#18 DONE 0.1s

#19 [15/20] RUN pip3 install --no-cache-dir -r /install/requirements.txt
#19 0.643 Requirement already satisfied: numpy>=1.21.0 in /usr/local/lib/python3.8/dist-packages (from -r /install/requirements.txt (line 1)) (1.24.4)
#19 0.644 Requirement already satisfied: pandas>=1.3.0 in /usr/local/lib/python3.8/dist-packages (from -r /install/requirements.txt (line 2)) (2.0.3)
#19 0.766 Collecting scikit-learn>=1.0.0 (from -r /install/requirements.txt (line 3))
#19 0.807   Downloading scikit_learn-1.3.2-cp38-cp38-manylinux_2_17_x86_64.manylinux2014_x86_64.whl.metadata (11 kB)
#19 0.814 Requirement already satisfied: matplotlib>=3.4.0 in /usr/local/lib/python3.8/dist-packages (from -r /install/requirements.txt (line 4)) (3.7.5)
#19 0.814 Requirement already satisfied: seaborn>=0.11.0 in /usr/local/lib/python3.8/dist-packages (from -r /install/requirements.txt (line 5)) (0.13.2)
#19 0.849 Collecting plotly>=5.0.0 (from -r /install/requirements.txt (line 6))
#19 0.858   Downloading plotly-6.4.0-py3-none-any.whl.metadata (8.5 kB)
#19 2.567 Collecting tensorflow>=2.12.0 (from -r /install/requirements.txt (line 7))
#19 2.580   Downloading tensorflow-2.13.1-cp38-cp38-manylinux_2_17_x86_64.manylinux2014_x86_64.whl.metadata (3.4 kB)
#19 2.601 Collecting keras>=2.12.0 (from -r /install/requirements.txt (line 8))
#19 2.609   Downloading keras-2.15.0-py3-none-any.whl.metadata (2.4 kB)
#19 2.649 Collecting onnx>=1.13.0 (from -r /install/requirements.txt (line 9))
#19 2.658   Downloading onnx-1.17.0-cp38-cp38-manylinux_2_17_x86_64.manylinux2014_x86_64.whl.metadata (16 kB)
#19 2.706 Collecting onnxruntime>=1.14.0 (from -r /install/requirements.txt (line 10))
#19 2.717   Downloading onnxruntime-1.19.2-cp38-cp38-manylinux_2_27_x86_64.manylinux_2_28_x86_64.whl.metadata (4.5 kB)
#19 2.732 Collecting tf2onnx>=1.13.0 (from -r /install/requirements.txt (line 11))
#19 2.742   Downloading tf2onnx-1.16.1-py3-none-any.whl.metadata (1.3 kB)
#19 2.758 Collecting skl2onnx>=1.14.0 (from -r /install/requirements.txt (line 12))
#19 2.769   Downloading skl2onnx-1.19.1-py3-none-any.whl.metadata (3.8 kB)
#19 2.783 ERROR: Could not find a version that satisfies the requirement pandas-ta>=0.3.14b0 (from versions: none)
#19 2.849 ERROR: No matching distribution found for pandas-ta>=0.3.14b0
#19 ERROR: process "/bin/sh -c pip3 install --no-cache-dir -r /install/requirements.txt" did not complete successfully: exit code: 1
------
 > [15/20] RUN pip3 install --no-cache-dir -r /install/requirements.txt:
2.649 Collecting onnx>=1.13.0 (from -r /install/requirements.txt (line 9))
2.658   Downloading onnx-1.17.0-cp38-cp38-manylinux_2_17_x86_64.manylinux2014_x86_64.whl.metadata (16 kB)
2.706 Collecting onnxruntime>=1.14.0 (from -r /install/requirements.txt (line 10))
2.717   Downloading onnxruntime-1.19.2-cp38-cp38-manylinux_2_27_x86_64.manylinux_2_28_x86_64.whl.metadata (4.5 kB)
2.732 Collecting tf2onnx>=1.13.0 (from -r /install/requirements.txt (line 11))
2.742   Downloading tf2onnx-1.16.1-py3-none-any.whl.metadata (1.3 kB)
2.758 Collecting skl2onnx>=1.14.0 (from -r /install/requirements.txt (line 12))
2.769   Downloading skl2onnx-1.19.1-py3-none-any.whl.metadata (3.8 kB)
2.783 ERROR: Could not find a version that satisfies the requirement pandas-ta>=0.3.14b0 (from versions: none)
2.849 ERROR: No matching distribution found for pandas-ta>=0.3.14b0
------
Dockerfile:51
--------------------
  49 |     # Install project-specific requirements.
  50 |     COPY requirements.txt /install/
  51 | >>> RUN pip3 install --no-cache-dir -r /install/requirements.txt
  52 |     
  53 |     # Config.
--------------------
ERROR: failed to build: failed to solve: process "/bin/sh -c pip3 install --no-cache-dir -r /install/requirements.txt" did not complete successfully: exit code: 1
